,compound_word,split_1,split_2,split_3
0,aftereffect,aftereffect,after effect,after eff ect
1,afternoon,afternoon,after noon,after noon
2,afterthought,afterthought,after thought,after thought
3,airbag,airbag,air bag,air bag
4,aircraft,aircraft,air craft,air craft
5,airline,airline,air line,air line
6,airplane,airplane,air plane,air plane
7,airport,airport,air port,air port
8,airtight,airtight,air tight,air tight
9,angelfish,angelfish,angel fish,ang elfish
10,another,another,ano ther,ano ther
11,anybody,anybody,any body,any body
12,anyhow,anyhow,any how,any how
13,anyone,anyone,any one,any one
14,anyplace,anyplace,any place,any place
15,anything,anything,any thing,any thing
16,anytime,anytime,any time,any time
17,anyway,anyway,any way,any way
18,anywhere,anywhere,any where,any where
19,applesauce,applesauce,apple sauce,apple sauce
20,armchair,armchair,arm chair,arm chair
21,armhole,armhole,arm hole,arm hole
22,armpit,armpit,arm pit,arm pit
23,arrowhead,arrowhead,arrow head,arrow head
24,artwork,artwork,art work,art work
25,awestruck,awestruck,awe struck,awes truck
26,backache,backache,back ache,back ache
27,backbone,backbone,back bone,back bone
28,backdrop,backdrop,back drop,back drop
29,background,background,back ground,back gro und
30,backhand,backhand,back hand,back hand
31,backhoe,backhoe,back hoe,back hoe
32,backlog,backlog,back log,back log
33,backpack,backpack,back pack,back pack
34,backspace,backspace,back space,backs pace
35,backstabbing,backstabbing,back stabbing,backs tabbing
36,backstroke,backstroke,back stroke,back str oke
37,backwater,backwater,back water,bac kwa ter
38,backwoods,backwoods,back woods,back woods
39,backyard,backyard,back yard,backy ard
40,badlands,badlands,bad lands,bad lands
41,bagpipes,bagpipes,bag pipes,bag pipes
42,ballplayer,ballplayer,ball player,ball pla yer
43,bantamweight,bantamweight,ban tam weight,ban tam weight
44,barcode,barcode,bar code,bar code
45,barefoot,barefoot,bare foot,bare foot
46,barnstorm,barnstorm,barn storm,barns torm
47,barnyard,barnyard,barn yard,barn yard
48,baseball,baseball,base ball,base ball
49,basketball,basketball,bas ket ball,bas ket ball
50,bathmat,bathmat,bath mat,bath mat
51,bathrobe,bathrobe,bath robe,bath robe
52,bathroom,bathroom,bath room,bath room
53,bathtub,bathtub,bath tub,bath tub
54,bathwater,bath water,bat hwa ter,bat hwa ter
55,battleaxe,battle axe,bat tle axe,bat tle axe
56,battlecruiser,battle cruiser,bat tle cruiser,bat tle cruiser
57,battleship,battleship,battles hip,bat tle ship
58,battlecry,battle cry,bat tle cry,bat tle cry
59,beancurd,bean curd,bean curd,bean curd
60,beachcomber,beachcomber,beach com ber,beach com ber
61,become,become,bec ome,bec ome
62,bedspread,bedspread,bed spread,bed spr ead
63,bedrock,bedrock,bed rock,bed rock
64,bedroom,bedroom,bed room,bed room
65,bedtime,bedtime,bed time,bed time
66,beehive,beehive,bee hive,bee hive
67,beekeeper,beekeeper,bee keeper,bee kee per
68,beekeeping,beekeeping,bee keeping,bee keep ing
69,beeswax,beeswax,bees wax,bees wax
70,beforehand,beforehand,bef ore hand,bef ore hand
71,bellflower,bellflower,bell flower,bell flo wer
72,bellhop,bellhop,bell hop,bell hop
73,bellyache,bellyache,belly ache,bel lya che
74,benchmark,benchmark,bench mark,bench mark
75,billboard,billboard,bill board,bill board
76,birthday,birthday,birth day,birth day
77,birthplace,birthplace,birth place,birth place
78,birthrate,birthrate,birth rate,bir thr ate
79,birthright,birthright,birth right,birth right
80,bitterroot,bitter root,bit ter root,bit ter root
81,bittersweet,bittersweet,bit ter sweet,bit ter sweet
82,blackberry,blackberry,black berry,black berry
83,blackbird,blackbird,black bird,black bird
84,blackboard,blackboard,black board,black board
85,blackout,blackout,black out,black out
86,blockbuster,blockbuster,block buster,block bus ter
87,bluebells,bluebells,blue bells,blue bells
88,bluebird,bluebird,blue bird,blue bird
89,blueberry,blueberry,blue berry,blue berry
90,bluebonnets,blue bonnets,blue bon nets,blue bonn ets
91,bobcat,bobcat,bob cat,bob cat
92,bobtail,bobtail,bob tail,bob tail
93,bodyguard,bodyguard,body guard,body guard
94,bookbinder,book binder,book bin der,book bin der
95,bookcase,bookcase,book case,book case
96,bookkeeper,bookkeeper,book keeper,book kee per
97,bookmark,bookmark,book mark,book mark
98,bookmobile,bookmobile,book mobile,book mob ile
99,bookshelf,bookshelf,book shelf,book shelf
100,bookworm,bookworm,book worm,book worm
101,bowlegged,bowlegged,bow legged,bowl egged
102,boxcar,boxcar,box car,box car
103,boxcutter,box cutter,box cut ter,box cut ter
104,boxsprings,box springs,box springs,box springs
105,brainstorm,brainstorm,brain storm,bra ins torm
106,brainwash,brainwash,brain wash,brain wash
107,breadbasket,breadbasket,bread basket,bread bas ket
108,breadbox,bread box,bread box,bread box
109,breadcrumbs,breadcrumbs,bread crumbs,bread crumbs
110,breadfruit,breadfruit,bread fruit,bread fruit
111,breadknife,bread knife,bread knife,bread knife
112,breadstick,bread stick,bre ads tick,brea dst ick
113,breakdance,breakdance,break dance,break dance
114,breakfast,breakfast,break fast,break fast
115,breakfront,break front,break front,break front
116,breakneck,breakneck,break neck,break neck
117,breakout,breakout,break out,break out
118,breakthrough,breakthrough,break through,break thr ough
119,breakup,breakup,breakup,breakup
120,breakwater,breakwater,break water,bre akwa ter
121,breastbone,breastbone,bre ast bone,bre ast bone
122,breaststroke,breaststroke,bre ast stroke,bre ast str oke
123,bridegroom,bridegroom,bride groom,bri deg room
124,briefcase,briefcase,brief case,brief case
125,browbeat,browbeat,brow beat,brow beat
126,bucktoothed,bucktoothed,buck toothed,buck toot hed
127,bulldog,bulldog,bull dog,bull dog
128,bulldozer,bulldozer,bulldozer,bulldozer
129,bullfrog,bullfrog,bull frog,bull frog
130,bulkhead,bulkhead,bulk head,bulk head
131,businessman,businessman,business man,business man
132,businesswoman,businesswoman,business woman,bus ine ssw oman
133,buttercup,buttercup,but ter cup,but ter cup
134,butterfingers,butterfingers,but ter fingers,but ter fin gers
135,butterfly,butterfly,but ter fly,but ter fly
136,buttermilk,buttermilk,but ter milk,butt erm ilk
137,buttonhole,buttonhole,but ton hole,but ton hole
138,bygone,bygone,bygone,bygone
139,candlestick,candlestick,can dle stick,cand les tick
140,campfire,campfire,camp fire,camp fire
141,candytuft,candy tuft,candy tuft,candy tuft
142,cannot,cannot,can not,can not
143,cardboard,cardboard,card board,card board
144,carefree,carefree,care free,care free
145,careless,careless,care less,care less
146,caretaker,caretaker,care taker,caret aker
147,carport,carport,car port,carp ort
148,cartwheel,cartwheel,cart wheel,car twh eel
149,catfish,catfish,cat fish,cat fish
150,catnap,catnap,cat nap,cat nap
151,catnip,catnip,cat nip,cat nip
152,chairman,chairman,chair man,chair man
153,chairwoman,chairwoman,chair woman,chair woman
154,cheapskate,cheapskate,cheap skate,che aps kate
155,checkerboard,checkerboard,che cker board,check erbo ard
156,checkmate,checkmate,check mate,check mate
157,checkroom,checkroom,check room,check room
158,checkup,checkup,checkup,checkup
159,chestnut,chestnut,chest nut,chest nut
160,chickpea,chickpea,chick pea,chick pea
161,childbirth,childbirth,child birth,child birth
162,childcare,childcare,child care,child care
163,childfreeh,child free h,child free h,child free h
164,childlike,childlike,child like,chi ldl ike
165,childproof,childproof,child proof,chi ldp roof
166,childrearing,child rearing,child rea ring,child rear ing
167,chopstick,chopstick,chop stick,chops tick
168,classmate,classmate,class mate,class mate
169,classroom,classroom,class room,class room
170,classwork,class work,class work,class work
171,clockwise,clockwise,clock wise,clock wise
172,clockwork,clockwork,clock work,clock work
173,clotheshorse,clothes horse,clot hes horse,clo thes horse
174,coastline,coastline,coast line,coast line
175,cobweb,cobweb,cob web,cob web
176,copycat,copycat,copy cat,cop ycat
177,coldframe,cold frame,col dfr ame,col dfr ame
178,coldhearted,cold hearted,cold hear ted,cold hear ted
179,coldsore,cold sore,colds ore,colds ore
180,commonsense,commonsense,com mon sense,com monse nse
181,cookbook,cookbook,cook book,cook book
182,cookout,cookout,cook out,cook out
183,cooktop,cook top,cook top,cook top
184,cookwear,cook wear,cook wear,cook wear
185,copyright,copyright,copy right,copy right
186,copywriter,copywriter,copy writer,copy writer
187,corkscrew,corkscrew,cork screw,corks crew
188,cornfield,cornfield,corn field,corn field
189,cornflower,cornflower,corn flower,corn flo wer
190,cornbread,cornbread,corn bread,corn bread
191,corncob,corncob,corn cob,corn cob
192,corndog,corn dog,corn dog,corn dog
193,cornmeal,cornmeal,corn meal,corn meal
194,cornstalk,cornstalk,corns talk,corn stalk
195,cottonmouth,cottonmouth,cot ton mouth,cot ton mouth
196,countdown,countdown,count down,count down
197,counterattack,counterattack,cou nter attack,count erat tack
198,counterbalance,counterbalance,cou nter balance,cou nter bal ance
199,counterclockwise,counterclockwise,cou nter clockwise,cou nter clock wise
200,counterweight,counterweight,cou nter weight,cou nter weight
201,countryside,countryside,country side,countrys ide
202,courthouse,courthouse,court house,cour tho use
203,courtyard,courtyard,court yard,court yard
204,cowbell,cow bell,cow bell,cow bell
205,cowboy,cowboy,cow boy,cow boy
206,cowgirl,cowgirl,cow girl,cow girl
207,cowslip,cowslip,cow slip,cows lip
208,crabgrass,crabgrass,crab grass,crab grass
209,craftsman,craftsman,crafts man,crafts man
210,crawfish,crawfish,craw fish,craw fish
211,crossbow,crossbow,cross bow,cross bow
212,crossroad,crossroad,cross road,cross road
213,crosswalk,crosswalk,cross walk,cross walk
214,crossword,crossword,cross word,cro ssw ord
215,crowbar,crowbar,crow bar,crow bar
216,cubbyhole,cubbyhole,cubby hole,cubby hole
217,cupboard,cupboard,cup board,cup board
218,cupcake,cupcake,cup cake,cup cake
219,cutaway,cutaway,cut away,cuta way
220,cutback,cutback,cut back,cut back
221,cutoff,cutoff,cut off,cut off
222,cutthroat,cutthroat,cut throat,cut thr oat
223,cutup,cutup,cutup,cutup
224,daredevil,daredevil,dare devil,dared evil
225,darkroom,darkroom,dark room,dark room
226,dashboard,dashboard,dash board,das hbo ard
227,database,database,data base,dat abase
228,daybreak,daybreak,day break,day break
229,daydream,daydream,day dream,day dream
230,daylight,daylight,day light,day light
231,daytime,daytime,day time,day time
232,deadline,deadline,dead line,dead line
233,desktop,desktop,desk top,desk top
234,dimwit,dimwit,dim wit,dim wit
235,dishcloth,dishcloth,dish cloth,dish cloth
236,dishwasher,dishwasher,dish was her,dish washer
237,dogcatcher,dogcatcher,dog catcher,dog cat cher
238,dogfish,dogfish,dog fish,dog fish
239,doghouse,doghouse,dog house,dog house
240,dogwood,dogwood,dog wood,dog wood
241,doorbell,doorbell,door bell,door bell
242,doorknob,doorknob,door knob,door knob
243,doorman,doorman,door man,door man
244,doormat,doormat,door mat,door mat
245,doorstep,doorstep,door step,door step
246,doorstop,doors top,door stop,door stop
247,doorway,doorway,door way,door way
248,doughnut,doughnut,dough nut,dough nut
249,downburst,down burst,down burst,down burst
250,downcast,downcast,down cast,down cast
251,downdraft,downdraft,down draft,dow ndr aft
252,downfall,downfall,down fall,down fall
253,downhill,downhill,down hill,down hill
254,downhome,down home,down home,down home
255,download,download,down load,down load
256,downlink,down link,down link,down link
257,downpayment,down payment,down pay ment,down pay ment
258,downplay,downplay,down play,down play
259,downpour,downpour,down pour,down pour
260,downrate,down rate,down rate,down rate
261,downright,downright,down right,down right
262,downscale,downscale,down scale,downs cale
263,downshift,down shift,down shift,down shift
264,downsize,downsize,down size,downs ize
265,downstairs,downstairs,down stairs,down sta irs
266,downstream,downstream,down stream,down stream
267,downstroke,down stroke,down str oke,down str oke
268,downthrow,down throw,dow nth row,dow nth row
269,downtown,downtown,down town,down town
270,downtrodden,downtrodden,down trodden,down trod den
271,downturn,downturn,down turn,down turn
272,downunder,down under,dow nun der,dow nun der
273,downward,downward,down ward,down ward
274,downwind,downwind,down wind,down wind
275,dragonfly,dragonfly,dra gon fly,dra gon fly
276,drainpipe,drainpipe,drain pipe,drain pipe
277,dreadnought,dreadnought,dread nought,dread nought
278,dressmaker,dressmaker,dress maker,dress maker
279,driftwood,driftwood,drift wood,drift wood
280,driveway,driveway,drive way,drive way
281,dropout,dropout,drop out,drop out
282,drugstore,drugstore,drug store,drugs tore
283,drumbeat,drum beat,drum beat,drum beat
284,drumstick,drumstick,drum stick,drums tick
285,duckbill,duckbill,duck bill,duck bill
286,dugout,dugout,dug out,dug out
287,dumbbell,dumbbell,dumb bell,dumb bell
288,dustpan,dustpan,dust pan,dust pan
289,duststorm,dust storm,dusts torm,dusts torm
290,earache,earache,eara che,ear ache
291,eardrum,eardrum,ear drum,ear drum
292,earlobe,earlobe,earl obe,ear lobe
293,earmark,earmark,ear mark,ear mark
294,earmuff,earmuff,ear muff,ear muff
295,earphone,earphone,ear phone,earp hone
296,earring,earring,ear ring,ear ring
297,earshot,earshot,ears hot,ear shot
298,earthbound,earthbound,earth bound,earth bound
299,earthquake,earthquake,earth quake,earth quake
300,earthward,earthward,earth ward,ear thw ard
301,earthworm,earthworm,earth worm,earth worm
302,earwig,earwig,ear wig,ear wig
303,eavesdrop,eavesdrop,eaves drop,eaves drop
304,eggbeater,eggbeater,egg beater,egg bea ter
305,eggcup,egg cup,egg cup,egg cup
306,egghead,egghead,egg head,egg head
307,eggnog,eggnog,egg nog,egg nog
308,eggplant,eggplant,egg plant,egg plant
309,eggroll,egg roll,egg roll,egg roll
310,eggshell,eggshell,eggs hell,egg shell
311,elsewhere,elsewhere,else where,else where
312,evergreen,evergreen,ever green,ever green
313,everlasting,everlasting,ever lasting,ever last ing
314,everybody,everybody,every body,every body
315,everyday,everyday,every day,every day
316,everyone,everyone,every one,ever yone
317,everything,everything,every thing,every thing
318,everywhere,everywhere,every where,every where
319,eyeball,eyeball,eye ball,eye ball
320,eyebrow,eyebrow,eye brow,eye brow
321,eyeglasses,eyeglasses,eye glasses,eye glas ses
322,eyelash,eyelash,eye lash,eye lash
323,eyelid,eyelid,eye lid,eye lid
324,eyesight,eyesight,eye sight,eye sight
325,eyewitness,eyewitness,eye witness,eye wit ness
326,fallout,fallout,fall out,fal lout
327,fanfare,fanfare,fan fare,fan fare
328,farewell,farewell,fare well,far ewell
329,farmhouse,farmhouse,farm house,farm house
330,farmyard,farmyard,farm yard,farm yard
331,farsighted,farsighted,far sighted,far sigh ted
332,fatherland,fatherland,fat her land,fat her land
333,feedback,feedback,feed back,feed back
334,fiddlesticks,fiddlesticks,fiddles ticks,fid dle sticks
335,fingernail,fingernail,fin ger nail,fin ger nail
336,fingerprint,fingerprint,fin ger print,fin ger print
337,fingertip,fingertip,fin ger tip,fin ger tip
338,firearm,firearm,fire arm,fire arm
339,fireboat,fire boat,fire boat,fire boat
340,firebug,firebug,fire bug,fire bug
341,firefighter,firefighter,fire fighter,fire fighter
342,firefly,firefly,fire fly,fire fly
343,fireman,fireman,fire man,fire man
344,fireplace,fireplace,fire place,fire place
345,fireproofed,fireproofed,fire proofed,fire proofed
346,firewood,firewood,fire wood,fir ewood
347,fireworks,fireworks,fire works,fire works
348,firsthand,firsthand,first hand,first hand
349,fishbowl,fishbowl,fish bowl,fish bowl
350,fishcake,fish cake,fish cake,fish cake
351,fisherman,fisherman,fis herman,fis her man
352,fisherwoman,fisher woman,fis her woman,fis her woman
353,fisheye,fish eye,fish eye,fish eye
354,fishhook,fishhook,fish hook,fish hook
355,fishnet,fishnet,fish net,fish net
356,flapjacks,flapjacks,flap jacks,flap jacks
357,flagpole,flagpole,flag pole,flag pole
358,flashlight,flashlight,flash light,flash light
359,flatfish,flatfish,flat fish,flat fish
360,floodlight,floodlight,flood light,flood light
361,floorboard,floorboard,floor board,floor board
362,flowerbed,flowerbed,flo wer bed,flo wer bed
363,flowerpot,flowerpot,flo wer pot,flo wer pot
364,flyby,flyby,flyby,flyby
365,flyweight,flyweight,fly weight,fly weight
366,flywheel,flywheel,fly wheel,fly wheel
367,foghorn,foghorn,fog horn,fog horn
368,folklore,folklore,folk lore,folk lore
369,foolproof,foolproof,fool proof,fool proof
370,football,football,foot ball,foot ball
371,foothills,foothills,foot hills,foot hills
372,footlights,footlights,foot lights,foot lights
373,footman,footman,foot man,foot man
374,footnote,footnote,foot note,foot note
375,footprint,footprint,foot print,foot print
376,footrest,footrest,foot rest,foot rest
377,footstep,footstep,foot step,foot step
378,footstool,footstool,foot stool,foots tool
379,footwear,footwear,foot wear,foot wear
380,forecast,forecast,fore cast,fore cast
381,foreclose,foreclose,fore close,fore close
382,foreman,foreman,fore man,fore man
383,foremost,foremost,fore most,fore most
384,foreshadow,foreshadow,fore shadow,fore sha dow
385,foresight,foresight,fore sight,fore sight
386,forthwith,forthwith,forth with,for thw ith
387,foursquare,foursquare,four square,four square
388,foxglove,foxglove,fox glove,fox glove
389,foxhole,foxhole,fox hole,fox hole
390,framework,framework,frame work,frame work
391,freeway,freeway,free way,free way
392,freshman,freshman,fresh man,fresh man
393,freshwater,freshwater,fresh water,fresh water
394,frogman,frogman,frog man,frog man
395,frostbite,frostbite,frost bite,frost bite
396,fruitcake,fruitcake,fruit cake,fruit cake
397,frostbite,frostbite,frost bite,frost bite
398,frostbitten,frostbitten,frost bitten,frost bit ten
399,furthermore,furthermore,furt her more,furt herm ore
400,gallbladder,gallbladder,gall bladder,gall bladder
401,gallstone,gallstone,gall stone,galls tone
402,gearshift,gearshift,gear shift,gear shift
403,gentleman,gentleman,gen tle man,gen tle man
404,gemstone,gemstone,gem stone,gems tone
405,ghostwriter,ghostwriter,ghost writer,ghost writer
406,gingerale,ginger ale,gin ger ale,gin ger ale
407,gingerbread,gingerbread,gin ger bread,gin ger bread
408,goalkeeper,goalkeeper,goal keeper,goal kee per
409,goalpost,goalpost,goal post,goal post
410,globetrotter,globetrotter,globe trotter,globe trot ter
411,glowworm,glowworm,glow worm,glow worm
412,goldenrod,goldenrod,gol den rod,gol den rod
413,goldfinch,goldfinch,gold finch,gold finch
414,goldfish,goldfish,gold fish,gold fish
415,goldmine,gold mine,gold mine,gold mine
416,goldrush,goldrush,gold rush,gold rush
417,goldsmith,goldsmith,gold smith,gol dsm ith
418,goodlooking,goodlooking,good looking,good look ing
419,goodnight,goodnight,good night,good night
420,grandchild,grandchild,grand child,grand child
421,granddaughter,granddaughter,grand daughter,gran dda ugh ter
422,grandfather,grandfather,grand father,grand fat her
423,grandma,grandma,gran dma,gran dma
424,grandmother,grandmother,grand mother,grand mot her
425,grandpa,grandpa,gran dpa,gran dpa
426,grandparent,grandparent,grand parent,grand par ent
427,grandson,grandson,grand son,grand son
428,grandstand,grandstand,grand stand,gran dst and
429,grapefruit,grapefruit,grape fruit,grape fruit
430,grapevine,grapevine,grape vine,grape vine
431,grasshopper,grasshopper,grass hopper,gras shopper
432,grasslands,grasslands,grass lands,gras sla nds
433,gravestone,gravestone,grave stone,gra vest one
434,graveyard,graveyard,grave yard,gra vey ard
435,greenback,greenback,green back,green back
436,greengrocer,greengrocer,green grocer,green gro cer
437,greenhorn,greenhorn,green horn,green horn
438,greenhouse,greenhouse,green house,green house
439,Greenland,G r e e n l a n d,G r e e n l a n d,G r e e n l a n d
440,greenlight,green light,green light,green light
441,greyhound,greyhound,grey hound,grey hound
442,grindstone,grindstone,grind stone,grin dst one
443,groundbreaking,groundbreaking,gro und breaking,gro und brea king
444,groundcover,ground cover,gro und cover,gro und cover
445,groundhog,groundhog,gro und hog,gro und hog
446,groundskeeper,groundskeeper,grounds keeper,grounds kee per
447,groundspeed,ground speed,gro und speed,gro und speed
448,groundwork,groundwork,gro und work,gro und work
449,grownup,grownup,grownup,grownup
450,guidebook,guidebook,guide book,guide book
451,guideline,guideline,guide line,gui del ine
452,guidepost,guide post,gui dep ost,gui dep ost
453,gumdrop,gumdrop,gum drop,gum drop
454,gunfire,gunfire,gun fire,gun fire
455,gunmetal,gunmetal,gun metal,gun metal
456,gunpowder,gunpowder,gun powder,gun pow der
457,headstand,head stand,head stand,head stand
458,hacksaw,hacksaw,hack saw,hack saw
459,hailstone,hailstone,hail stone,hails tone
460,hailstorm,hailstorm,hail storm,hails torm
461,hairbrush,hairbrush,hair brush,hai rbr ush
462,haircut,haircut,hair cut,hair cut
463,hairdo,hairdo,hairdo,hairdo
464,hairdresser,hairdresser,hair dresser,hair dresser
465,hairline,hairline,hair line,hair line
466,halfback,halfback,half back,half back
467,halfhearted,halfhearted,half hearted,half hear ted
468,halfway,halfway,half way,half way
469,halfwit,half wit,half wit,half wit
470,hallway,hallway,hall way,hall way
471,handbag,handbag,hand bag,hand bag
472,handball,handball,hand ball,hand ball
473,handbook,handbook,hand book,hand book
474,handcuff,handcuff,hand cuff,hand cuff
475,handgun,handgun,hand gun,hand gun
476,handgrenade,hand grenade,hand gren ade,hand gren ade
477,handheld,handheld,hand held,hand held
478,handhold,hand hold,hand hold,hand hold
479,handkerchief,handkerchief,hand kerchief,hand ker chief
480,handlebars,handlebars,hand leb ars,han dle bars
481,handmade,handmade,hand made,hand made
482,handover,handover,hand over,han dover
483,handprint,hand print,han dpr int,han dpr int
484,handpuppet,hand puppet,hand pup pet,hand pup pet
485,handrail,handrail,hand rail,hand rail
486,handset,handset,hand set,hand set
487,handshake,handshake,hand shake,hands hake
488,handspring,handspring,hand spring,han dsp ring
489,handstand,handstand,hand stand,han dst and
490,handwaving,hand waving,hand wav ing,hand wav ing
491,handwork,handwork,hand work,hand work
492,handwriting,handwriting,hand writing,hand writ ing
493,handyman,handyman,handy man,handy man
494,hangman,hangman,hang man,hang man
495,hangnail,hangnail,hang nail,hang nail
496,hangout,hangout,hang out,han gout
497,hardheaded,hardheaded,hard headed,hard headed
498,hardhearted,hardhearted,hard hearted,hard hear ted
499,hardtop,hardtop,hard top,hard top
500,hardware,hardware,hard ware,hard ware
501,hardwire,hard wire,hard wire,hard wire
502,hayfever,hay fever,hay fever,hay fever
503,hayfield,hayfield,hay field,hay field
504,hayfork,hay fork,hay fork,hay fork
505,hayloft,hayloft,hay loft,hay loft
506,hayride,hay ride,hay ride,hay ride
507,haystack,haystack,hay stack,hays tack
508,haywire,haywire,hay wire,hay wire
509,hazelnut,hazelnut,hazel nut,hazel nut
510,headache,headache,head ache,head ache
511,headboard,headboard,head board,head board
512,headdress,headdress,head dress,head dress
513,headfirst,head first,headfirst,headfirst
514,headhunter,headhunter,head hunter,head hun ter
515,headland,headland,head land,head land
516,headlight,headlight,head light,head light
517,headline,headline,head line,head line
518,headphone,headphone,head phone,head phone
519,headquarters,headquarters,head quarters,head quart ers
520,headrest,headrest,head rest,head rest
521,headset,headset,head set,head set
522,headstone,headstone,head stone,heads tone
523,headstand,head stand,head stand,head stand
524,headwaters,headwaters,head waters,head wat ers
525,headway,headway,head way,head way
526,heartbeat,heartbeat,heart beat,heart beat
527,heartburn,heartburn,heart burn,heart burn
528,heartsick,heartsick,heart sick,hearts ick
529,heavyweight,heavyweight,heavy weight,heavy weight
530,hedgehog,hedgehog,hedge hog,hedge hog
531,hereafter,hereafter,here after,her eaf ter
532,heretofore,heretofore,her eto fore,here tof ore
533,herringbone,herringbone,her ring bone,herr ing bone
534,herself,herself,her self,hers elf
535,hideaway,hideaway,hide away,hide away
536,highbrow,highbrow,high brow,high brow
537,highchair,highchair,high chair,high chair
538,highflier,high flier,high flier,high flier
539,highground,high ground,high gro und,high gro und
540,highhanded,high handed,high han ded,high han ded
541,highjack,highjack,high jack,high jack
542,highlander,highlander,high lander,high lan der
543,highlands,highlands,high lands,high lands
544,highlight,highlight,high light,high light
545,highpoint,high point,hig hpo int,hig hpo int
546,highrise,highrise,high rise,high rise
547,highroad,highroad,high road,high road
548,highschool,highschool,high school,high school
549,hightail,hightail,high tail,hight ail
550,hightops,high tops,hight ops,hight ops
551,highwater,high water,hig hwa ter,hig hwa ter
552,highway,highway,high way,high way
553,highwayman,highwayman,high way man,high way man
554,highwire,high wire,high wire,high wire
555,hijack,hijack,hijack,hijack
556,hillside,hillside,hill side,hills ide
557,hilltop,hilltop,hill top,hill top
558,himself,himself,him self,hims elf
559,hindsight,hindsight,hind sight,hind sight
560,hogtie,hog tie,hog tie,hog tie
561,hogwash,hogwash,hog wash,hog wash
562,hollyhock,hollyhock,holly hock,holly hock
563,homecoming,homecoming,home coming,home com ing
564,homeland,homeland,home land,hom eland
565,homemade,homemade,home made,homem ade
566,homeowner,homeowner,home owner,hom eow ner
567,homesick,homesick,home sick,homes ick
568,homeward,homeward,home ward,home ward
569,homework,homework,home work,home work
570,honeybee,honeybee,honey bee,honey bee
571,honeycomb,honeycomb,honey comb,honey comb
572,honeydew,honeydew,honey dew,honey dew
573,honeymoon,honeymoon,honey moon,honey moon
574,hookworm,hookworm,hook worm,hook worm
575,hopscotch,hopscotch,hop scotch,hop sco tch
576,horseback,horseback,horse back,horse back
577,horsefly,horsefly,horse fly,horse fly
578,horselaugh,horse laugh,hors ela ugh,hors ela ugh
579,horseman,horseman,horse man,horse man
580,horseplay,horseplay,horse play,hor sep lay
581,horsepower,horsepower,horse power,hors epo wer
582,horseradish,horseradish,horse radish,horse rad ish
583,horseshoe,horseshoe,horse shoe,hor ses hoe
584,hotbed,hotbed,hot bed,hot bed
585,hotcake,hotcake,hot cake,hot cake
586,hotdog,hotdog,hot dog,hot dog
587,hothead,hothead,hot head,hoth ead
588,hotheaded,hotheaded,hot headed,hot headed
589,hothouse,hothouse,hot house,hoth ouse
590,hotline,hotline,hot line,hot line
591,hotrod,hot rod,hot rod,hot rod
592,hotshot,hotshot,hot shot,hots hot
593,hotsprings,hot springs,hots pri ngs,hots pri ngs
594,hottub,hot tub,hot tub,hot tub
595,hotwire,hot wire,hot wire,hot wire
596,hourglass,hourglass,hour glass,hou rgl ass
597,houseboat,houseboat,house boat,hou seb oat
598,housebreaking,housebreaking,house breaking,house break ing
599,housecoat,housecoat,house coat,hou sec oat
600,houseflies,houseflies,house flies,hou sef lies
601,household,household,house hold,house hold
602,housekeeper,housekeeper,house keeper,house kee per
603,housewarming,housewarming,house warming,house war ming
604,housewife,housewife,house wife,house wife
605,housework,housework,house work,house work
606,hovercraft,hovercraft,hover craft,hover craft
607,however,however,how ever,howe ver
608,huckleberry,huckleberry,huckleberry,huckleberry
609,humankind,humankind,human kind,hum ank ind
610,humbug,humbug,hum bug,hum bug
611,humdrum,humdrum,hum drum,hum drum
612,hummingbird,hummingbird,hum ming bird,hum ming bird
613,humpback,humpback,hump back,hump back
614,hunchback,hunchback,hunch back,hunch back
615,iceberg,iceberg,ice berg,ice berg
616,icefish,ice fish,ice fish,ice fish
617,inchworm,inch worm,inch worm,inch worm
618,income,income,inc ome,inc ome
619,indoor,indoor,indoor,indoor
620,inkblot,inkblot,ink blot,ink blot
621,inland,inland,inland,inland
622,inlet,inlet,inlet,inlet
623,inmate,inmate,inm ate,inm ate
624,inside,inside,ins ide,ins ide
625,instep,instep,instep,instep
626,into,into,into,into
627,inward,inward,inward,inward
628,itself,itself,its elf,its elf
629,jackfruit,jackfruit,jack fruit,jack fruit
630,jackknife,jackknife,jack knife,jack knife
631,jackpot,jackpot,jack pot,jack pot
632,jawbone,jawbone,jaw bone,jaw bone
633,jawbreaker,jawbreaker,jaw breaker,jaw bre aker
634,jaybird,jay bird,jay bird,jay bird
635,jaywalker,jaywalker,jay walker,jay wal ker
636,jellybean,jellybean,jelly bean,jelly bean
637,jellyfish,jellyfish,jelly fish,jelly fish
638,jigsaw,jigsaw,jig saw,jig saw
639,jitterbug,jitterbug,jit ter bug,jit ter bug
640,joystick,joystick,joy stick,joys tick
641,jumpsuit,jumpsuit,jump suit,jump suit
642,keepsake,keepsake,keep sake,keep sake
643,kettledrum,kettledrum,kett led rum,ket tle drum
644,keyboard,keyboard,key board,key board
645,keyhole,keyhole,key hole,key hole
646,keystone,keystone,key stone,keys tone
647,keyword,keyword,key word,key word
648,kickoff,kickoff,kick off,kick off
649,killjoy,killjoy,kill joy,kill joy
650,kindhearted,kindhearted,kind hearted,kind hear ted
651,knapsack,knapsack,knapsack,knapsack
652,kneecap,kneecap,knee cap,knee cap
653,knockout,knockout,knock out,knock out
654,ladybird,ladybird,lady bird,lady bird
655,ladybug,ladybug,lady bug,lady bug
656,lakebed,lake bed,lake bed,lake bed
657,lakeside,lakeside,lake side,lakes ide
658,landfall,landfall,land fall,land fall
659,landform,landform,land form,land form
660,landlord,landlord,land lord,land lord
661,landmark,landmark,land mark,land mark
662,landowner,landowner,land owner,lan downer
663,landslide,landslide,land slide,lan dsl ide
664,larkspur,larkspur,lark spur,larks pur
665,laughingstock,laughingstock,laugh ing stock,laugh ing stock
666,lawnmower,lawn mower,lawn mower,lawn mower
667,lawsuit,lawsuit,law suit,law suit
668,layover,layover,lay over,lay over
669,leapfrog,leapfrog,leap frog,leap frog
670,lefthanded,left handed,lef than ded,lef than ded
671,leftovers,leftovers,left overs,lef tov ers
672,leftwing,left wing,left wing,left wing
673,levelheaded,levelheaded,level headed,level headed
674,lifeboat,lifeboat,life boat,life boat
675,lifeguard,lifeguard,life guard,life guard
676,lifelong,lifelong,life long,life long
677,lifestyle,lifestyle,life style,life style
678,lifetime,lifetime,life time,life time
679,liftoff,liftoff,lift off,lift off
680,lightheaded,lightheaded,light headed,light headed
681,lighthearted,lighthearted,light hearted,light hear ted
682,lighthouse,lighthouse,light house,light house
683,lightweight,lightweight,light weight,light weight
684,limelight,limelight,lime light,lime light
685,limestone,limestone,lime stone,limes tone
686,linebacker,linebacker,line backer,line bac ker
687,linedancing,line dancing,lined anc ing,lined anc ing
688,lineman,lineman,line man,line man
689,lineup,lineup,lin eup,lin eup
690,lionheart,lionheart,lion heart,lion heart
691,lipstick,lipstick,lip stick,lips tick
692,litterbug,litterbug,lit ter bug,lit ter bug
693,livestock,livestock,live stock,liv est ock
694,locksmith,locksmith,lock smith,lock smith
695,loggerheads,loggerheads,log ger heads,log ger heads
696,logjam,logjam,log jam,log jam
697,longhand,longhand,long hand,long hand
698,longshoreman,longshoreman,long shore man,long shore man
699,lookout,lookout,look out,look out
700,loophole,loophole,loop hole,loop hole
701,lopsided,lopsided,lop sided,lop sided
702,loudmouth,loudmouth,loud mouth,loud mouth
703,lovesick,lovesick,love sick,loves ick
704,lowbrow,lowbrow,low brow,low brow
705,lowland,lowland,low land,low land
706,lowlife,low life,low life,low life
707,lukewarm,lukewarm,luke warm,luke warm
708,lumberjack,lumberjack,lumber jack,lumber jack
709,lunchroom,lunchroom,lunch room,lun chr oom
710,lungfish,lungfish,lung fish,lung fish
711,mailbox,mailbox,mail box,mail box
712,mailman,mailman,mail man,mail man
713,mainland,mainland,main land,main land
714,mainstream,mainstream,main stream,main stream
715,makeshift,makeshift,make shift,make shift
716,manhole,manhole,man hole,man hole
717,manhunt,manhunt,man hunt,man hunt
718,mankind,mankind,man kind,man kind
719,manpower,manpower,man power,man power
720,marketplace,marketplace,mar ket place,marke tpl ace
721,marksman,marksman,marks man,marks man
722,mastermind,mastermind,mas ter mind,mast erm ind
723,masterpiece,masterpiece,mas ter piece,mas ter piece
724,matchbook,matchbook,match book,match book
725,matchmaker,matchmaker,match maker,match maker
726,maybe,maybe,maybe,maybe
727,mayflower,mayflower,may flower,may flo wer
728,mealtime,mealtime,meal time,meal time
729,meanwhile,meanwhile,mean while,mean while
730,meatball,meatball,meat ball,meat ball
731,meatloaf,meatloaf,meat loaf,meat loaf
732,middleman,middleman,mid dle man,mid dle man
733,midshipman,midshipman,mid shipman,mid ship man
734,milestone,milestone,miles tone,mile stone
735,milkshake,milkshake,milk shake,milks hake
736,mockingbird,mockingbird,moc king bird,mock ing bird
737,mockup,mock u p,mock u p,mock u p
738,moonbeam,moonbeam,moon beam,moon beam
739,moonlight,moonlight,moon light,moon light
740,moonstruck,moonstruck,moon struck,moons truck
741,moreover,moreover,more over,more over
742,motorboat,motorboat,motor boat,mot orb oat
743,motorcycle,motorcycle,motor cycle,motor cycle
744,mousetrap,mousetrap,mouse trap,mou set rap
745,mouthpiece,mouthpiece,mouth piece,mouth piece
746,muskrat,muskrat,musk rat,musk rat
747,myself,myself,mys elf,mys elf
748,namesake,namesake,name sake,name sake
749,neckline,neckline,neck line,nec kline
750,necktie,necktie,neck tie,neck tie
751,nearsighted,nearsighted,near sighted,near sigh ted
752,needlepoint,needlepoint,nee dle point,nee dle point
753,needlework,needlework,nee dle work,nee dle work
754,network,network,net work,net work
755,nevertheless,nevertheless,never the less,nev ert hel ess
756,newborn,newborn,new born,new born
757,newcomer,newcomer,new comer,newco mer
758,newsletter,newsletter,news letter,news let ter
759,newspaper,newspaper,news paper,new spa per
760,newsstand,newsstand,news stand,new sst and
761,newsworthy,newsworthy,news worthy,news wor thy
762,nightfall,nightfall,night fall,night fall
763,nightgown,nightgown,night gown,night gown
764,nightmare,nightmare,night mare,nig htm are
765,nightshift,night shift,night shift,night shift
766,nightstand,nightstand,night stand,nigh tst and
767,nighttime,nighttime,night time,night time
768,nitwit,nitwit,nit wit,nit wit
769,nobleman,nobleman,noble man,noble man
770,nobody,nobody,nobody,nobody
771,northeast,northeast,north east,nor the ast
772,northwest,northwest,north west,nor thw est
773,nosebleed,nosebleed,nose bleed,nose bleed
774,nosedive,nosedive,nose dive,nosed ive
775,notebook,notebook,note book,not ebook
776,noteworthy,noteworthy,note worthy,note wor thy
777,nothing,nothing,nothing,nothing
778,nowhere,nowhere,now here,now here
779,nutshell,nutshell,nut shell,nuts hell
780,oatmeal,oatmeal,oat meal,oat meal
781,offline,offline,off line,off line
782,offshoot,offshoot,off shoot,offs hoot
783,offshore,offshore,off shore,off shore
784,offside,offside,off side,offs ide
785,offspring,offspring,off spring,off spr ing
786,oilcan,oil can,oil can,oil can
787,oncoming,oncoming,oncoming,oncoming
788,oneself,oneself,one self,ones elf
789,ongoing,ongoing,ongo ing,ongo ing
790,online,online,online,online
791,onlooker,onlooker,onlooker,onlooker
792,onrush,onrush,onrush,onrush
793,onset,onset,onset,onset
794,onto,onto,onto,onto
795,onward,onward,onward,onward
796,openhanded,openhanded,open handed,open han ded
797,otherwise,otherwise,other wise,other wise
798,ourselves,ourselves,our selves,ours elves
799,outbid,outbid,out bid,out bid
800,outbreak,outbreak,out break,out break
801,outburst,outburst,out burst,out burst
802,outcast,outcast,out cast,out cast
803,outcome,outcome,out come,out come
804,outcropping,outcropping,out cropping,out crop ping
805,outcry,outcry,out cry,out cry
806,outdated,outdated,out dated,out dated
807,outdo,outdo,outdo,outdo
808,outdoors,outdoors,out doors,outdo ors
809,outdoorsman,outdoors man,out doors man,outdo ors man
810,outfield,outfield,out field,out field
811,outfit,outfit,out fit,out fit
812,outflow,outflow,out flow,out flow
813,outfox,outfox,out fox,out fox
814,outgas,out gas,out gas,out gas
815,outgoing,outgoing,out going,outgo ing
816,outgrown,outgrown,out grown,out grown
817,outhouse,outhouse,out house,out house
818,outlast,outlast,out last,out last
819,outlaw,outlaw,out law,out law
820,outlay,outlay,out lay,out lay
821,outlet,outlet,out let,out let
822,outline,outline,out line,out line
823,outlive,outlive,out live,out live
824,outlook,outlook,out look,out look
825,outlying,outlying,out lying,out lying
826,outnumber,outnumber,out number,out num ber
827,outpost,outpost,out post,out post
828,output,output,out put,out put
829,outrage,outrage,out rage,out rage
830,outrank,outrank,out rank,out rank
831,outrun,outrun,out run,out run
832,outside,outside,out side,outs ide
833,outsider,outsider,outs ider,outs ider
834,outshine,outshine,out shine,out shine
835,outside,outside,out side,outs ide
836,outsider,outsider,outs ider,outs ider
837,outskirts,outskirts,out skirts,out ski rts
838,outsmart,outsmart,out smart,outs mart
839,outsource,outsource,out source,outs ource
840,outspoken,outspoken,out spoken,out spoken
841,outstanding,outstanding,out standing,out stand ing
842,outstay,outstay,out stay,outs tay
843,outstretched,outstretched,out stretched,out str etched
844,outtake,outtake,out take,out take
845,outward,outward,out ward,out ward
846,overabundant,overabundant,over abundant,ove rab und ant
847,overachieve,overachieve,over achieve,over achi eve
848,overact,overact,over act,over act
849,overactive,overactive,over active,over act ive
850,overage,overage,over age,ove rage
851,overall,overall,over all,over all
852,overalls,overalls,over alls,over alls
853,overarching,over arching,over arch ing,ove rar ching
854,overbearing,overbearing,over bearing,over bear ing
855,overbite,overbite,over bite,over bite
856,overblown,overblown,over blown,over blown
857,overboard,overboard,over board,over board
858,overbooked,overbooked,over booked,over booked
859,overburden,overburden,over burden,over bur den
860,overcast,overcast,over cast,over cast
861,overcharge,overcharge,over charge,over charge
862,overcoat,overcoat,over coat,over coat
863,overcome,overcome,over come,over come
864,overcompensate,overcompensate,over compensate,over com pen sate
865,overcook,overcook,over cook,over cook
866,overcrowd,overcrowd,over crowd,over crowd
867,overdo,overdo,overdo,overdo
868,overdose,overdose,over dose,over dose
869,overdraft,overdraft,over draft,over draft
870,overdressed,overdressed,over dressed,over dressed
871,overdrive,overdrive,over drive,over drive
872,overdue,overdue,over due,over due
873,overeager,overeager,over eager,ove rea ger
874,overeat,overeat,over eat,over eat
875,overexposed,overexposed,over exposed,over expo sed
876,overfill,over fill,over fill,over fill
877,overflow,overflow,over flow,over flow
878,overfull,overfull,over full,over full
879,overgrown,overgrown,over grown,over grown
880,overhand,overhand,over hand,over hand
881,overhang,overhang,over hang,over hang
882,overhaul,overhaul,over haul,over haul
883,overhead,overhead,over head,ove rhead
884,overhear,overhear,over hear,over hear
885,overheat,overheat,over heat,over heat
886,overkill,overkill,over kill,over kill
887,overland,overland,over land,over land
888,overlap,overlap,over lap,over lap
889,overlay,overlay,over lay,over lay
890,overload,overload,over load,over load
891,overlook,overlook,over look,over look
892,overlord,overlord,over lord,over lord
893,overlying,overlying,over lying,ove rly ing
894,overnight,overnight,over night,over night
895,overpack,over pack,over pack,over pack
896,overpaid,overpaid,over paid,over paid
897,overpay,overpay,over pay,over pay
898,overpower,overpower,over power,ove rpo wer
899,overrate,overrate,over rate,over rate
900,overreach,overreach,over reach,over reach
901,overreact,overreact,over react,over react
902,override,override,over ride,over ride
903,overrule,overrule,over rule,over rule
904,overrun,overrun,over run,over run
905,overseas,overseas,over seas,over seas
906,overseer,overseer,over seer,over seer
907,oversight,oversight,over sight,over sight
908,overshoe,overshoe,over shoe,overs hoe
909,oversleep,oversleep,over sleep,over sleep
910,overstate,over state,overstate,overs tate
911,overstretched,over stretched,over str etched,ove rst retched
912,overtake,overtake,over take,over take
913,overtaxed,overtaxed,over taxed,overt axed
914,overthrow,overthrow,over throw,ove rth row
915,overtime,overtime,over time,overt ime
916,overturn,overturn,over turn,overt urn
917,overuse,overuse,over use,ove ruse
918,overvalue,over value,over value,over value
919,overview,overview,over view,over view
920,overweight,overweight,over weight,over weight
921,overwork,overwork,over work,over work
922,oxbow,oxbow,oxbow,oxbow
923,pancake,pancake,pan cake,pan cake
924,panhandle,panhandle,pan handle,pan han dle
925,paperback,paperback,paper back,paper back
926,paperweight,paperweight,paper weight,paper weight
927,paperwork,paperwork,paper work,paper work
928,parkway,parkway,park way,park way
929,passageway,passageway,pass age way,pas sage way
930,passbook,passbook,pass book,pass book
931,passerby,passerby,passerby,passerby
932,passkey,passkey,pass key,pass key
933,passport,passport,pas sport,pass port
934,password,password,pass word,pas sword
935,passionflower,passion flower,pass ion flo wer,pas sion flo wer
936,passionfruit,passionfruit,pass ion fruit,pas sion fruit
937,pastureland,pastureland,past ure land,pas tur eland
938,patchwork,patchwork,patch work,patch work
939,pathfinder,pathfinder,path finder,path fin der
940,pathway,pathway,path way,path way
941,pawnbroker,pawnbroker,pawn broker,pawn bro ker
942,payroll,payroll,pay roll,payr oll
943,peacekeeper,peace keeper,peace kee per,peace kee per
944,peacemaker,peacemaker,peace maker,pea cem aker
945,peanut,peanut,pea nut,pea nut
946,peanutbutter,peanut butter,pea nut but ter,pea nut but ter
947,peapod,pea pod,pea pod,pea pod
948,penknife,penknife,pen knife,pen knife
949,peppercorn,peppercorn,pep per corn,pep per corn
950,peppermint,peppermint,pep per mint,pep perm int
951,pickax,pickax,pickax,pickax
952,pickpocket,pickpocket,pick pocket,pick pocket
953,piecrust,pie crust,pie crust,pie crust
954,pigeonhole,pigeonhole,pig eon hole,pig eon hole
955,piggyback,piggyback,piggy back,piggy back
956,pigpen,pigpen,pig pen,pig pen
957,pigsty,pigsty,pig sty,pig sty
958,pigskin,pigskin,pig skin,pigs kin
959,pigtail,pigtail,pig tail,pig tail
960,pillbox,pillbox,pill box,pill box
961,pillowcase,pillowcase,pil low case,pil low case
962,pincushion,pincushion,pin cushion,pin cush ion
963,pineapple,pineapple,pine apple,pine apple
964,pinecone,pinecone,pine cone,pine cone
965,pinpoint,pinpoint,pin point,pin point
966,pinprick,pinprick,pin prick,pin prick
967,pinup,pinup,pinup,pinup
968,pinwheel,pinwheel,pin wheel,pin wheel
969,pipefish,pipefish,pipe fish,pipe fish
970,pipeline,pipeline,pipe line,pipe line
971,pitbull,pitbull,pit bull,pit bull
972,pitchfork,pitchfork,pitch fork,pitch fork
973,plainclothes,plainclothes,plain clothes,plain clo thes
974,playground,playground,play ground,play gro und
975,playpen,playpen,play pen,play pen
976,plaything,plaything,play thing,play thing
977,plywood,plywood,ply wood,ply wood
978,pocketbook,pocketbook,pocket book,pocket book
979,pocketknife,pocketknife,pocket knife,pocket knife
980,polecat,polecat,pole cat,pole cat
981,polestar,polestar,pole star,poles tar
982,polevault,pole vault,pole vault,pole vault
983,policeman,policeman,pol iceman,pol ice man
984,policewoman,policewoman,pol ice woman,pol ice woman
985,popcorn,popcorn,pop corn,pop corn
986,popover,popover,pop over,popo ver
987,postcard,postcard,post card,post card
988,postmark,postmark,post mark,post mark
989,postmaster,postmaster,post master,post mas ter
990,potholder,potholder,pot holder,pot hol der
991,pothole,pothole,pot hole,pot hole
992,potluck,potluck,pot luck,pot luck
993,potpie,potpie,pot pie,pot pie
994,powerboat,powerboat,power boat,power boat
995,powerhouse,powerhouse,power house,power house
996,praiseworthy,praiseworthy,pra ise worthy,pra ise wor thy
997,primrose,primrose,prim rose,prim rose
998,printout,printout,print out,print out
999,proofread,proofread,proof read,proof read
1000,pullover,pullover,pull over,pul lover
1001,purebred,purebred,pure bred,pure bred
1002,pushcart,pushcart,push cart,push cart
1003,pushover,pushover,push over,pus hover
1004,quarterback,quarterback,quarter back,quarter back
1005,quarterhorse,quarter horse,quarter horse,quarter horse
1006,quartermaster,quartermaster,quarter master,quarter mas ter
1007,quickfire,quick fire,quick fire,quick fire
1008,quicksand,quicksand,quick sand,quick sand
1009,quicksilver,quicksilver,quick silver,quick sil ver
1010,racecar,racecar,race car,race car
1011,racecourse,racecourse,race course,race course
1012,racehorse,racehorse,race horse,race horse
1013,racetrack,racetrack,race track,race track
1014,railroad,railroad,rail road,rail road
1015,railway,railway,rail way,rail way
1016,rainbow,rainbow,rain bow,rain bow
1017,raincoat,raincoat,rain coat,rain coat
1018,rainfall,rainfall,rain fall,rain fall
1019,rainout,rain out,rain out,rain out
1020,rainstorm,rainstorm,rain storm,rains torm
1021,rattlesnake,rattlesnake,rat tle snake,rat tle snake
1022,redcoat,redcoat,red coat,red coat
1023,redeye,red eye,red eye,red eye
1024,redhead,redhead,red head,red head
1025,redwood,redwood,red wood,red wood
1026,reindeer,reindeer,rein deer,rein deer
1027,righthanded,right handed,right han ded,right han ded
1028,rightwing,rightwing,right wing,right wing
1029,ringleader,ringleader,ring leader,ring lea der
1030,ringside,ringside,ring side,rings ide
1031,ringworm,ringworm,ring worm,ring worm
1032,ripsaw,ripsaw,rip saw,rip saw
1033,riverbed,riverbed,river bed,river bed
1034,riverside,riverside,river side,rivers ide
1035,roadbed,roadbed,road bed,road bed
1036,roadrunner,roadrunner,road runner,road run ner
1037,roadside,roadside,road side,roads ide
1038,roadway,roadway,road way,road way
1039,rockfish,rock fish,rock fish,rock fish
1040,rockhound,rock hound,roc kho und,roc kho und
1041,rockslide,rock slide,rock slide,rock slide
1042,roommate,roommate,room mate,room mate
1043,rosebud,rosebud,rose bud,rose bud
1044,rosemary,rosemary,rose mary,rose mary
1045,roughhouse,roughhouse,rough house,rough house
1046,roughneck,roughneck,rough neck,rough neck
1047,roundup,roundup,roundup,roundup
1048,rowboat,rowboat,row boat,row boat
1049,runaway,runaway,run away,runa way
1050,runoff,runoff,run off,run off
1051,runway,runway,run way,run way
1052,safeguard,safeguard,safe guard,safe guard
1053,sailboat,sailboat,sail boat,sail boat
1054,sailfish,sailfish,sail fish,sail fish
1055,salesman,salesman,sales man,sales man
1056,saleswoman,saleswoman,sales woman,sales woman
1057,saltshaker,saltshaker,salt shaker,salt sha ker
1058,saltwater,saltwater,salt water,sal twa ter
1059,sandbar,sandbar,sand bar,sand bar
1060,sandbox,sandbox,sand box,sand box
1061,sandman,sandman,sand man,sand man
1062,sandpaper,sandpaper,sand paper,san dpa per
1063,sandstorm,sandstorm,sand storm,sands torm
1064,saucepan,saucepan,sauce pan,sauce pan
1065,sawdust,sawdust,saw dust,saw dust
1066,sawhorse,sawhorse,saw horse,saw horse
1067,sawmill,sawmill,saw mill,saw mill
1068,scarecrow,scarecrow,scare crow,sca rec row
1069,scatterbrain,scatterbrain,scat ter brain,sca tte rbr ain
1070,schoolhouse,schoolhouse,school house,school house
1071,schoolroom,schoolroom,school room,school room
1072,schoolteacher,schoolteacher,school teacher,school tea cher
1073,scrapbook,scrapbook,scrap book,scrap book
1074,screwdriver,screwdriver,screw driver,screw driver
1075,seabed,seabed,sea bed,sea bed
1076,seabird,seabird,sea bird,sea bird
1077,seabreeze,sea breeze,sea bre eze,sea bre eze
1078,seaboard,seaboard,sea board,sea board
1079,seachange,sea change,sea cha nge,sea cha nge
1080,seacoast,seacoast,sea coast,sea coast
1081,seafarer,seafarer,seafarer,seafarer
1082,seafood,seafood,sea food,sea food
1083,seagoing,seagoing,sea going,sea going
1084,seagrass,seagrass,sea grass,sea grass
1085,seagull,seagull,sea gull,sea gull
1086,seahorse,seahorse,sea horse,sea horse
1087,sealion,sea lion,seal ion,seal ion
1088,seaplane,seaplane,sea plane,seap lane
1089,searchengine,search engine,sear cheng ine,sear cheng ine
1090,searchlight,searchlight,search light,search light
1091,seashell,seashell,sea shell,seas hell
1092,seashore,seashore,sea shore,sea shore
1093,seasick,seasick,sea sick,seas ick
1094,seaside,seaside,sea side,seas ide
1095,seastar,sea star,seas tar,seas tar
1096,seatbelt,seat belt,seat belt,seat belt
1097,seawall,seawall,sea wall,sea wall
1098,seaway,seaway,sea way,sea way
1099,seaweed,seaweed,sea weed,sea weed
1100,seaworthy,seaworthy,sea worthy,sea wor thy
1101,secondhand,secondhand,second hand,seco ndh and
1102,seedpod,seedpod,seed pod,seed pod
1103,setback,setback,set back,set back
1104,sheepdog,sheepdog,sheep dog,sheep dog
1105,shellfish,shellfish,shell fish,shell fish
1106,shipmate,shipmate,ship mate,ship mate
1107,shipshape,shipshape,ship shape,ship shape
1108,shipwreck,shipwreck,ship wreck,ship wreck
1109,shipyard,shipyard,ship yard,ship yard
1110,shoehorn,shoehorn,shoe horn,shoe horn
1111,shoelace,shoelace,shoe lace,shoe lace
1112,shopkeeper,shopkeeper,shop keeper,shop kee per
1113,shoreline,shoreline,shore line,sho rel ine
1114,shortbread,shortbread,short bread,short bread
1115,shortcake,shortcake,short cake,short cake
1116,shorthand,shorthand,short hand,sho rth and
1117,shortstop,shortstop,short stop,sho rts top
1118,showman,showman,show man,show man
1119,showoff,showoff,show off,sho woff
1120,shuffleboard,shuffleboard,shuffle board,shuffle board
1121,shutdown,shutdown,shut down,shut down
1122,shuteye,shuteye,shut eye,shut eye
1123,sideboard,sideboard,side board,side board
1124,sidecar,sidecar,side car,side car
1125,sidekick,sidekick,side kick,side kick
1126,sideline,sideline,side line,side line
1127,sidestep,sidestep,side step,side step
1128,sidestroke,sidestroke,side stroke,sid est roke
1129,sideswipe,sideswipe,side swipe,sides wipe
1130,sidetrack,sidetrack,side track,side track
1131,sidewalk,sidewalk,side walk,side walk
1132,sideways,sideways,side ways,side ways
1133,sightseer,sightseer,sight seer,sight seer
1134,sightseeing,sightseeing,sight seeing,sight see ing
1135,signpost,signpost,sign post,sign post
1136,silkworm,silkworm,silk worm,silk worm
1137,silverware,silverware,sil ver ware,sil ver ware
1138,singsong,singsong,sing song,sings ong
1139,skateboard,skateboard,skate board,skate board
1140,skylight,skylight,sky light,sky light
1141,skyline,skyline,sky line,skyl ine
1142,skyrocket,skyrocket,sky rocket,sky roc ket
1143,skyscraper,skyscraper,sky scraper,sky scraper
1144,skywriting,skywriting,sky writing,sky writ ing
1145,slapstick,slapstick,slap stick,slaps tick
1146,slaughterhouse,slaughterhouse,sla ugh ter house,sla ugh ter house
1147,sledgehammer,sledgehammer,sledge hammer,sledge ham mer
1148,sleepwalker,sleepwalker,sleep walker,sleep wal ker
1149,sleepyhead,sleepyhead,sleepy head,sleepy head
1150,slingshot,slingshot,sling shot,sli ngs hot
1151,slipcover,slipcover,slip cover,slip cover
1152,slipknot,slipknot,slip knot,slip knot
1153,slipshod,slipshod,slip shod,slips hod
1154,smallpox,smallpox,small pox,small pox
1155,smalltalk,small talk,small talk,small talk
1156,smokestack,smokestack,smoke stack,smokes tack
1157,snapdragon,snapdragon,snap dragon,snap dra gon
1158,snapshot,snapshot,snap shot,snaps hot
1159,snowball,snowball,snow ball,snow ball
1160,snowboard,snowboard,snow board,snow board
1161,snowbound,snowbound,snow bound,snow bound
1162,snowdrift,snowdrift,snow drift,snow drift
1163,snowdrop,snowdrop,snow drop,snow drop
1164,snowfall,snowfall,snow fall,snow fall
1165,snowflake,snowflake,snow flake,snow flake
1166,snowplow,snowplow,snow plow,snow plow
1167,snowshoe,snowshoe,snow shoe,snows hoe
1168,snowstorm,snowstorm,snow storm,snows torm
1169,snubnosed,snub nosed,snub nosed,snub nosed
1170,soapstone,soapstone,soap stone,soaps tone
1171,softball,softball,soft ball,soft ball
1172,software,software,soft ware,soft ware
1173,somebody,somebody,some body,some body
1174,someday,someday,some day,some day
1175,somehow,somehow,some how,some how
1176,someone,someone,some one,some one
1177,someplace,some place,someplace,someplace
1178,something,something,some thing,som eth ing
1179,sometime,sometime,some time,some time
1180,somewhat,somewhat,some what,some what
1181,somewhere,somewhere,some where,some where
1182,songbird,songbird,song bird,song bird
1183,soundproof,soundproof,sound proof,sound proof
1184,soundtrack,soundtrack,sound track,sound track
1185,southeast,southeast,south east,south east
1186,southwest,southwest,south west,south west
1187,soybean,soybean,soy bean,soy bean
1188,soysauce,soy sauce,soy sauce,soy sauce
1189,spacecraft,spacecraft,space craft,spa cec raft
1190,spaceship,spaceship,space ship,spa ces hip
1191,spacesuit,spacesuit,space suit,space suit
1192,spareribs,spareribs,spare ribs,spare ribs
1193,speakeasy,speakeasy,speak easy,speak easy
1194,spellbound,spellbound,spell bound,spell bound
1195,spoilsport,spoilsport,spoils port,spoil sport
1196,sportscast,sportscast,sports cast,sports cast
1197,sportscaster,sportscaster,sports caster,sports cas ter
1198,sportsman,sportsman,sports man,sports man
1199,sportsmanship,sportsmanship,sports man ship,sports mans hip
1200,sportswriter,sportswriter,sports writer,sports writer
1201,spotlight,spotlight,spot light,spot light
1202,springboard,springboard,spr ing board,spr ing board
1203,springtime,springtime,spr ing time,spr ing time
1204,spyglass,spyglass,spy glass,spy glass
1205,stagecoach,stagecoach,stage coach,stag eco ach
1206,staircase,staircase,stair case,stair case
1207,stairway,stairway,stair way,stair way
1208,standby,standby,sta ndby,sta ndby
1209,standoff,standoff,stand off,stan doff
1210,standpipe,stand pipe,stand pipe,stand pipe
1211,standstill,standstill,stand still,stan dst ill
1212,starboard,starboard,star board,star board
1213,starfish,starfish,star fish,star fish
1214,stargazer,stargazer,star gazer,star gazer
1215,starlight,starlight,star light,star light
1216,stateside,stateside,state side,sta tes ide
1217,starship,starship,star ship,stars hip
1218,startup,startup,startup,startup
1219,statesman,statesman,sta tes man,sta tes man
1220,steamboat,steamboat,steam boat,ste amb oat
1221,steamroller,steamroller,steam roller,ste amro ller
1222,steamship,steamship,steam ship,ste ams hip
1223,steeplechase,steeplechase,steeple chase,steeple chase
1224,stepbrother,stepbrother,step brother,step brot her
1225,stepdaughter,stepdaughter,step daughter,ste pda ugh ter
1226,stepfather,stepfather,step father,step fat her
1227,stepladder,stepladder,step ladder,step lad der
1228,stepmother,stepmother,step mother,step mot her
1229,steppingstone,steppingstone,step ping stone,step pin gst one
1230,stepsister,stepsister,step sister,step sis ter
1231,stepson,stepson,step son,step son
1232,stingray,stingray,sting ray,sting ray
1233,stockbroker,stockbroker,stock broker,stock bro ker
1234,stockholder,stockholder,stock holder,stock hol der
1235,stockpile,stockpile,stock pile,stock pile
1236,stomachache,stomachache,stoma cha che,sto mac hache
1237,stonewall,stonewall,stone wall,sto new all
1238,stoneware,stoneware,stone ware,sto new are
1239,stonework,stonework,stone work,stone work
1240,stopwatch,stopwatch,stop watch,stop watch
1241,storehouse,storehouse,store house,sto reh ouse
1242,storekeeper,storekeeper,store keeper,store kee per
1243,storyteller,storyteller,story teller,story tel ler
1244,stowaway,stowaway,stow away,stow away
1245,straightedge,straightedge,straight edge,straight edge
1246,straightforward,straightforward,straight forward,straight for ward
1247,strawberry,strawberry,straw berry,straw berry
1248,streamline,streamline,stream line,stream line
1249,streetcar,streetcar,str eet car,str eet car
1250,strongbox,strongbox,str ong box,str ong box
1251,stronghold,stronghold,str ong hold,str ong hold
1252,surfboard,surfboard,surf board,surf board
1253,suitcase,suitcase,suit case,suit case
1254,summertime,summertime,sum mer time,sum mer time
1255,sunbonnet,sunbonnet,sun bonnet,sun bon net
1256,sunburn,sunburn,sun burn,sun burn
1257,sundial,sundial,sun dial,sun dial
1258,sundown,sundown,sun down,sun down
1259,sundress,sun dress,sun dress,sun dress
1260,sunfish,sunfish,sun fish,sun fish
1261,sunflower,sunflower,sun flower,sun flo wer
1262,sunglasses,sunglasses,sun glasses,sung lasses
1263,sunlight,sunlight,sun light,sun light
1264,sunrise,sunrise,sun rise,sun rise
1265,sunset,sunset,sun set,sun set
1266,sunshine,sunshine,sun shine,sun shine
1267,sunspot,sunspot,sun spot,suns pot
1268,sunstroke,sunstroke,sun stroke,sun str oke
1269,sunup,sunup,sunup,sunup
1270,supercharged,supercharged,super charged,super char ged
1271,supercollider,super collider,super colli der,super coll ider
1272,supercomputer,supercomputer,super computer,super computer
1273,superconductor,superconductor,super conductor,super con duc tor
1274,superfood,super food,super food,super food
1275,supergiant,supergiant,super giant,super giant
1276,superglue,super glue,super glue,super glue
1277,superheavyweight,super heavyweight,super heavy weight,super heavy weight
1278,superhero,superhero,super hero,superh ero
1279,superhighway,superhighway,super highway,super high way
1280,superhuman,superhuman,super human,super human
1281,superimpose,superimpose,super impose,super impose
1282,superman,superman,super man,super man
1283,supermarket,supermarket,super market,super mar ket
1284,supernatural,supernatural,super natural,super nat ural
1285,supernova,supernova,super nova,sup ern ova
1286,supertanker,supertanker,super tanker,super tan ker
1287,superuser,superuser,super user,sup eru ser
1288,superwoman,super woman,super woman,super woman
1289,surfboard,surfboard,surf board,surf board
1290,swallowtail,swallowtail,swallow tail,swallow tail
1291,sweatshirt,sweatshirt,sweat shirt,sweat shirt
1292,sweetheart,sweetheart,sweet heart,swee the art
1293,swimsuit,swimsuit,swim suit,swim suit
1294,swordfish,swordfish,sword fish,sword fish
1295,tablecloth,tablecloth,table cloth,tab lec loth
1296,tableland,tableland,table land,tab leland
1297,tablesaw,table saw,table saw,table saw
1298,tablespoon,tablespoon,table spoon,table spoon
1299,tabletop,table top,table top,table top
1300,tailback,tail back,tail back,tail back
1301,tailspin,tailspin,tail spin,tails pin
1302,takeaway,take away,take away,take away
1303,takeoff,takeoff,take off,take off
1304,takeout,takeout,take out,take out
1305,takeover,takeover,take over,takeo ver
1306,tapeworm,tapeworm,tape worm,tape worm
1307,tattletale,tattletale,tat tle tale,tat tle tale
1308,taxicab,taxicab,taxi cab,taxi cab
1309,teacup,teacup,tea cup,tea cup
1310,teammate,teammate,team mate,team mate
1311,teapot,teapot,tea pot,tea pot
1312,teardrop,teardrop,tear drop,tear drop
1313,tearjerker,tearjerker,tear jer ker,tear jer ker
1314,tearoom,tearoom,tea room,tear oom
1315,teashop,tea shop,teas hop,teas hop
1316,teaspoon,teaspoon,tea spoon,tea spoon
1317,teatime,teatime,tea time,teat ime
1318,telltale,telltale,tell tale,tell tale
1319,textbook,textbook,text book,text book
1320,thanksgiving,thanksgiving,thanks giving,thanks giv ing
1321,themselves,themselves,them selves,them sel ves
1322,thighbone,thighbone,thigh bone,thi ghb one
1323,thoroughbred,thoroughbred,tho rough bred,tho rou ghb red
1324,thoroughfare,thoroughfare,tho rough fare,thor ough fare
1325,threadbare,threadbare,thr ead bare,thr ead bare
1326,throughout,throughout,thr ough out,thro ugh out
1327,thumbnail,thumbnail,thumb nail,thumb nail
1328,thunderbolt,thunderbolt,thun der bolt,thu nder bolt
1329,thunderclap,thunderclap,thun der clap,thu nder clap
1330,thundercloud,thundercloud,thun der cloud,thu nder cloud
1331,thunderstorm,thunderstorm,thunders torm,thu nder storm
1332,thunderstruck,thunderstruck,thunders truck,thu nder struck
1333,tideland,tide land,tid eland,tid eland
1334,tightrope,tightrope,tight rope,tight rope
1335,timecard,time card,time card,time card
1336,timekeeper,timekeeper,time keeper,time kee per
1337,timelapse,time lapse,tim elapse,tim elapse
1338,timeline,timeline,time line,time line
1339,timeout,time out,time out,time out
1340,timepiece,timepiece,time piece,tim epi ece
1341,timesaver,time saver,times aver,tim esa ver
1342,timescale,timescale,time scale,times cale
1343,timesheet,time sheet,time sheet,time sheet
1344,timetable,timetable,time table,tim eta ble
1345,timewarp,time warp,time warp,time warp
1346,timeworn,timeworn,time worn,time worn
1347,tiptoe,tiptoe,tip toe,tip toe
1348,toadstool,toadstool,toads tool,toad stool
1349,toenail,toenail,toe nail,toe nail
1350,tombstone,tombstone,tomb stone,tombs tone
1351,tomcat,tomcat,tom cat,tom cat
1352,toolbox,toolbox,tool box,tool box
1353,toothbrush,toothbrush,tooth brush,too thb rush
1354,toothpaste,toothpaste,tooth paste,toot hpa ste
1355,toothpick,toothpick,tooth pick,tooth pick
1356,topcoat,topcoat,top coat,top coat
1357,topflight,top flight,top flight,top flight
1358,tophat,top hat,top hat,top hat
1359,topknot,topknot,top knot,top knot
1360,topsail,topsail,top sail,tops ail
1361,topside,topside,top side,tops ide
1362,topsoil,topsoil,top soil,tops oil
1363,topspin,top spin,tops pin,tops pin
1364,topstitch,top stitch,top sti tch,top sti tch
1365,touchdown,touchdown,touch down,touch down
1366,trademark,trademark,trade mark,tra dem ark
1367,tradeoff,tradeoff,trade off,trade off
1368,tradesman,tradesman,tra des man,tra des man
1369,tradeunion,trade union,trade union,trade union
1370,treadmill,treadmill,tread mill,tre adm ill
1371,treetop,treetop,tree top,tree top
1372,triggerfish,trigger fish,trig ger fish,trig ger fish
1373,troublemaker,troublemaker,trou ble maker,trou ble maker
1374,trustworthy,trustworthy,trust worthy,trust wor thy
1375,tryout,tryout,try out,try out
1376,tugboat,tugboat,tug boat,tug boat
1377,tumbledown,tumbledown,tum bled own,tum ble down
1378,tumbleweed,tumbleweed,tum ble weed,tum ble weed
1379,turncoat,turncoat,turn coat,turn coat
1380,turnout,turnout,turn out,turn out
1381,turnover,turnover,turn over,turn over
1382,turnpike,turnpike,turn pike,turn pike
1383,turnstile,turnstile,turns tile,turn stile
1384,turtleneck,turtleneck,tur tle neck,tur tle neck
1385,typeface,typeface,type face,type face
1386,typewriter,typewriter,type writer,type writer
1387,underachieve,underachieve,under achieve,und era chi eve
1388,underachiever,underachiever,under achiever,und era chi ever
1389,underarm,underarm,under arm,under arm
1390,underclothing,underclothing,under clothing,under clo thing
1391,undercook,under cook,under cook,under cook
1392,undercover,undercover,under cover,under cover
1393,undercut,undercut,under cut,under cut
1394,underdone,underdone,under done,und erd one
1395,underdog,underdog,under dog,under dog
1396,underdone,underdone,under done,und erd one
1397,undergo,undergo,und ergo,und ergo
1398,underground,underground,under ground,under gro und
1399,undergrowth,undergrowth,under growth,under growth
1400,underhand,underhand,under hand,under hand
1401,undersea,undersea,under sea,under sea
1402,undershirt,undershirt,under shirt,under shirt
1403,understand,understand,under stand,und erst and
1404,understated,understated,under stated,under sta ted
1405,undertake,undertake,under take,under take
1406,undertaker,undertaker,under taker,und ert aker
1407,undervalue,undervalue,under value,under value
1408,underwater,underwater,under water,under water
1409,underwear,underwear,under wear,under wear
1410,underweight,underweight,under weight,under weight
1411,underworld,underworld,under world,under world
1412,upbeat,upbeat,upbeat,upbeat
1413,upbringing,upbringing,upbringing,upbringing
1414,upcoming,upcoming,upcoming,upcoming
1415,update,update,update,update
1416,updraft,updraft,updraft,updraft
1417,upgrade,upgrade,upgrade,upgrade
1418,uphill,uphill,uphill,uphill
1419,uphold,uphold,uphold,uphold
1420,upkeep,upkeep,upkeep,upkeep
1421,uplift,uplift,uplift,uplift
1422,upload,upload,upload,upload
1423,upon,upon,upon,upon
1424,uppermost,uppermost,upper most,upper most
1425,upright,upright,upright,upright
1426,uprising,uprising,upr ising,upr ising
1427,uproar,uproar,upr oar,upr oar
1428,uproot,uproot,uproot,uproot
1429,upset,upset,upset,upset
1430,upstage,upstage,upstage,upstage
1431,upstairs,upstairs,upstairs,upstairs
1432,upstanding,upstanding,ups tan ding,ups tan ding
1433,upstart,upstart,ups tart,ups tart
1434,upstate,upstate,ups tate,ups tate
1435,upstream,upstream,upstream,upstream
1436,upswing,upswing,ups wing,ups wing
1437,uptake,uptake,uptake,uptake
1438,uptown,uptown,uptown,uptown
1439,upturn,upturn,upturn,upturn
1440,upward,upward,upward,upward
1441,upwelling,upwelling,upwelling,upwelling
1442,upwind,u p w i n d,u p w i n d,u p w i n d
1443,username,username,user name,user name
1444,viewpoint,viewpoint,view point,view point
1445,vineyard,vineyard,vine yard,vine yard
1446,volleyball,volleyball,vol ley ball,vol ley ball
1447,voltmeter,voltmeter,volt meter,volt meter
1448,waistcoat,waistcoat,waist coat,waist coat
1449,waistline,waistline,waist line,waist line
1450,walkingstick,walking stick,wal kings tick,wal kin gst ick
1451,walkout,walkout,walk out,walk out
1452,walkway,walkway,walk way,walk way
1453,wallflower,wallflower,wall flower,wall flo wer
1454,wallpaper,wallpaper,wall paper,wall paper
1455,wardrobe,wardrobe,ward robe,ward robe
1456,warehouse,warehouse,ware house,ware house
1457,warfare,warfare,war fare,war fare
1458,warmup,warm u p,warm u p,warm u p
1459,warpath,warpath,war path,warp ath
1460,warship,warship,war ship,wars hip
1461,washcloth,washcloth,wash cloth,wash cloth
1462,washstand,washstand,was hst and,wash stand
1463,wasteland,wasteland,was tel and,waste land
1464,watercolor,watercolor,water color,water color
1465,watercress,watercress,water cress,water cress
1466,watchdog,watchdog,watch dog,watch dog
1467,waterbed,waterbed,water bed,water bed
1468,waterfall,waterfall,water fall,water fall
1469,waterfowl,waterfowl,water fowl,water fowl
1470,waterfront,waterfront,water front,water front
1471,watermelon,watermelon,water melon,water melon
1472,waterproof,waterproof,water proof,wat erp roof
1473,watershed,watershed,water shed,wat ers hed
1474,waterspout,waterspout,water spout,wat ers pout
1475,watertight,watertight,water tight,water tight
1476,waterway,waterway,water way,water way
1477,waterworks,waterworks,water works,water works
1478,wavelength,wavelength,wave length,wave length
1479,wayside,wayside,way side,ways ide
1480,weatherman,weatherman,wea ther man,wea ther man
1481,weatherproof,weatherproof,wea ther proof,wea ther proof
1482,weathervane,weathervane,wea ther vane,wea ther vane
1483,website,website,web site,webs ite
1484,weekday,weekday,week day,week day
1485,weekend,weekend,week end,week end
1486,weightlifter,weightlifter,weight lifter,weight lifter
1487,wetlands,wetlands,wet lands,wet lands
1488,wetsuit,wetsuit,wet suit,wet suit
1489,whatever,whatever,what ever,what ever
1490,whatsoever,whatsoever,what soe ver,wha tso ever
1491,wheelbarrow,wheelbarrow,wheel barrow,wheel bar row
1492,wheelchair,wheelchair,wheel chair,wheel chair
1493,whenever,whenever,when ever,whe never
1494,whereas,whereas,whe reas,whe reas
1495,whereby,whereby,whereby,whereby
1496,whereupon,whereupon,where upon,whe reu pon
1497,wherewith,where with,where with,where with
1498,wherewithall,where with all,where wit hall,where wit hall
1499,whichever,whichever,which ever,which ever
1500,whirlpool,whirlpool,whirl pool,whirl pool
1501,whirlwind,whirlwind,whirl wind,whirl wind
1502,whitefish,whitefish,white fish,white fish
1503,whitewall,whitewall,white wall,white wall
1504,whitewash,whitewash,white wash,white wash
1505,whoever,whoever,who ever,who ever
1506,wholehearted,wholehearted,whole hearted,who leh ear ted
1507,wholesale,wholesale,whole sale,who les ale
1508,whomever,whomever,whom ever,whom ever
1509,widescreen,widescreen,wide screen,wide screen
1510,widespread,widespread,wide spread,wide spr ead
1511,wildcat,wildcat,wild cat,wild cat
1512,wildfire,wildfire,wild fire,wild fire
1513,wildflower,wildflower,wild flower,wild flo wer
1514,wildlife,wildlife,wild life,wild life
1515,windbreaker,windbreaker,wind breaker,wind bre aker
1516,windfall,windfall,wind fall,wind fall
1517,windmill,windmill,wind mill,wind mill
1518,windowpane,windowpane,win dow pane,win dow pane
1519,windowsill,windowsill,windows ill,win dow sill
1520,windpipe,windpipe,wind pipe,wind pipe
1521,windshield,windshield,wind shield,wind shield
1522,windsock,windsock,wind sock,winds ock
1523,windstorm,windstorm,wind storm,winds torm
1524,windswept,windswept,wind swept,winds wept
1525,windward,windward,wind ward,wind ward
1526,wingspan,wingspan,wing span,wings pan
1527,wingspread,wingspread,wing spread,wing spr ead
1528,wintertime,wintertime,win ter time,win tert ime
1529,wiretap,wiretap,wire tap,wire tap
1530,wisecrack,wisecrack,wise crack,wise crack
1531,wishbone,wishbone,wish bone,wish bone
1532,witchcraft,witchcraft,witch craft,wit chc raft
1533,withdraw,withdraw,with draw,with draw
1534,withhold,withhold,with hold,with hold
1535,within,within,within,within
1536,without,without,with out,with out
1537,withstand,withstand,with stand,wit hst and
1538,wolfhound,wolfhound,wolf hound,wolf hound
1539,wolfsbane,wolfsbane,wolfs bane,wolfs bane
1540,wonderland,wonderland,won der land,won der land
1541,woodcarver,woodcarver,wood carver,wood car ver
1542,woodchuck,woodchuck,wood chuck,wood chuck
1543,woodcutter,woodcutter,wood cutter,wood cut ter
1544,woodland,woodland,wood land,woo dland
1545,woodpecker,woodpecker,wood pecker,wood pec ker
1546,woodsman,woodsman,woods man,woods man
1547,woodwork,woodwork,wood work,wood work
1548,workbench,workbench,work bench,wor kbe nch
1549,workbook,workbook,work book,work book
1550,workday,workday,work day,work day
1551,workhorse,workhorse,work horse,work horse
1552,workman,workman,work man,wor kman
1553,workmanlike,workmanlike,work man like,wor kman like
1554,workout,workout,work out,work out
1555,workplace,workplace,work place,work place
1556,workroom,work room,work room,work room
1557,workshop,workshop,work shop,works hop
1558,workstation,workstation,work station,works tat ion
1559,worktable,work table,wor kta ble,wor kta ble
1560,worldwide,worldwide,world wide,world wide
1561,worthwhile,worthwhile,worth while,worth while
1562,wristwatch,wristwatch,wrist watch,wrist watch
1563,wrongdoing,wrongdoing,wrong doing,wrong doing
1564,yachtsman,yachtsman,yachts man,yachts man
1565,yardarm,yardarm,yard arm,yard arm
1566,yardstick,yardstick,yard stick,yards tick
1567,yearbook,yearbook,year book,year book
1568,yellowtail,yellow tail,yel low tail,yel low tail
1569,yourself,yourself,your self,yours elf
1570,zigzag,zigzag,zig zag,zig zag
1571,zookeeper,zookeeper,zoo keeper,zoo kee per
