,compound_word,split_1,split_2
0,aftereffect,aftereffect,aft er effect
1,afternoon,afternoon,aft er noon
2,afterthought,afterthought,aft er thought
3,airbag,airbag,air bag
4,aircraft,aircraft,air craft
5,airline,airline,air line
6,airplane,airplane,air plane
7,airport,airport,air port
8,airtight,airtight,air tight
9,angelfish,angelfish,an gel fish
10,another,another,an other
11,anybody,anybody,any body
12,anyhow,anyhow,any how
13,anyone,anyone,any one
14,anyplace,anyplace,any place
15,anything,anything,any thing
16,anytime,anytime,any time
17,anyway,anyway,any way
18,anywhere,anywhere,any where
19,applesauce,applesauce,apple sauce
20,armchair,armchair,arm chair
21,armhole,armhole,arm hole
22,armpit,armpit,arm pit
23,arrowhead,arrowhead,arr ow head
24,artwork,artwork,art work
25,awestruck,awestruck,awe struck
26,backache,backache,back ache
27,backbone,backbone,back bone
28,backdrop,backdrop,back drop
29,background,background,back ground
30,backhand,backhand,back hand
31,backhoe,backhoe,back hoe
32,backlog,backlog,back log
33,backpack,backpack,back pack
34,backspace,backspace,back space
35,backstabbing,backstabbing,back stabbing
36,backstroke,backstroke,back stroke
37,backwater,backwater,back water
38,backwoods,backwoods,back woods
39,backyard,backyard,back yard
40,badlands,badlands,bad lands
41,bagpipes,bagpipes,bag pipes
42,ballplayer,ballplayer,ball player
43,bantamweight,bantamweight,ban tam weight
44,barcode,bar code,bar code
45,barefoot,barefoot,bare foot
46,barnstorm,barnstorm,barn storm
47,barnyard,barnyard,barn yard
48,baseball,baseball,base ball
49,basketball,basketball,basket ball
50,bathmat,bathmat,bath mat
51,bathrobe,bathrobe,bath robe
52,bathroom,bathroom,bath room
53,bathtub,bathtub,bath tub
54,bathwater,bath water,bath water
55,battleaxe,battle ax e,battle ax e
56,battlecruiser,battle cruiser,battle cruiser
57,battleship,battleship,battle ship
58,battlecry,battle cry,battle cry
59,beancurd,be an curd,bean cu rd
60,beachcomber,beachcomber,beach comb er
61,become,become,be come
62,bedspread,bedspread,bed spread
63,bedrock,bedrock,bed rock
64,bedroom,bedroom,bed room
65,bedtime,bedtime,bed time
66,beehive,beehive,bee hive
67,beekeeper,beekeeper,bee keeper
68,beekeeping,beekeeping,bee keeping
69,beeswax,beeswax,be es wax
70,beforehand,beforehand,be forehand
71,bellflower,bell flower,be ll fl ow er
72,bellhop,bellhop,be ll hop
73,bellyache,bellyache,belly ache
74,benchmark,benchmark,bench mark
75,billboard,billboard,bi ll board
76,birthday,birthday,birth day
77,birthplace,birthplace,birth place
78,birthrate,birthrate,birth rate
79,birthright,birthright,birth right
80,bitterroot,bitter root,bitter root
81,bittersweet,bittersweet,bitter sweet
82,blackberry,blackberry,black berry
83,blackbird,blackbird,black bird
84,blackboard,blackboard,black board
85,blackout,blackout,black out
86,blockbuster,blockbuster,block buster
87,bluebells,bluebells,blue bells
88,bluebird,bluebird,blue bird
89,blueberry,blueberry,blue berry
90,bluebonnets,blue bonnets,blue bonnets
91,bobcat,bobcat,bob cat
92,bobtail,bobtail,bob tail
93,bodyguard,bodyguard,body guard
94,bookbinder,book binder,book bind er
95,bookcase,bookcase,book case
96,bookkeeper,bookkeeper,book keeper
97,bookmark,bookmark,book mark
98,bookmobile,bookmobile,book mobile
99,bookshelf,bookshelf,book shelf
100,bookworm,bookworm,book worm
101,bowlegged,bowlegged,bow legged
102,boxcar,boxcar,box car
103,boxcutter,box cutter,box cutter
104,boxsprings,box springs,box springs
105,brainstorm,brainstorm,bra in storm
106,brainwash,brainwash,bra in wash
107,breadbasket,breadbasket,bread basket
108,breadbox,bread box,bread box
109,breadcrumbs,breadcrumbs,bread crumbs
110,breadfruit,breadfruit,bread fruit
111,breadknife,bread knife,bread knife
112,breadstick,bread stick,breads tick
113,breakdance,break dance,break dance
114,breakfast,breakfast,break fast
115,breakfront,break front,break front
116,breakneck,breakneck,break neck
117,breakout,breakout,break out
118,breakthrough,breakthrough,break through
119,breakup,breakup,break up
120,breakwater,breakwater,break water
121,breastbone,breastbone,breast bone
122,breaststroke,breaststroke,breast stroke
123,bridegroom,bridegroom,bride groom
124,briefcase,briefcase,brief case
125,browbeat,browbeat,brow beat
126,bucktoothed,bucktoothed,bu ck toothed
127,bulldog,bulldog,bu ll dog
128,bulldozer,bulldozer,bulldozer
129,bullfrog,bullfrog,bu ll frog
130,bulkhead,bulkhead,bulk head
131,businessman,businessman,business man
132,businesswoman,businesswoman,business woman
133,buttercup,buttercup,butt er cup
134,butterfingers,butterfingers,butt er fingers
135,butterfly,butterfly,butt er fly
136,buttermilk,buttermilk,butt er milk
137,buttonhole,buttonhole,butt on hole
138,bygone,bygone,by gone
139,candlestick,candlestick,candle stick
140,campfire,campfire,ca mp fire
141,candytuft,candy tuft,candy tuft
142,cannot,cannot,can not
143,cardboard,cardboard,ca rd board
144,carefree,carefree,ca re free
145,careless,careless,ca re less
146,caretaker,caretaker,ca re taker
147,carport,carport,car port
148,cartwheel,cartwheel,ca rt wheel
149,catfish,catfish,cat fish
150,catnap,catnap,cat nap
151,catnip,catnip,cat nip
152,chairman,chairman,ch airman
153,chairwoman,chairwoman,ch air woman
154,cheapskate,cheapskate,cheap skate
155,checkerboard,checkerboard,check er board
156,checkmate,checkmate,check mate
157,checkroom,checkroom,check room
158,checkup,checkup,check up
159,chestnut,chestnut,ch est nut
160,chickpea,chickpea,chi ck pea
161,childbirth,childbirth,child birth
162,childcare,childcare,child care
163,childfreeh,child free h,child free h
164,childlike,childlike,child like
165,childproof,childproof,child proof
166,childrearing,child rearing,child rearing
167,chopstick,chopstick,ch op stick
168,classmate,classmate,cl ass mate
169,classroom,classroom,cl ass room
170,classwork,class work,cl ass work
171,clockwise,clockwise,clock wise
172,clockwork,clockwork,clock work
173,clotheshorse,clothes horse,cloth es horse
174,coastline,coastline,coast line
175,cobweb,cobweb,cob web
176,copycat,copycat,copy cat
177,coldframe,cold frame,cold frame
178,coldhearted,cold heart ed,cold he art ed
179,coldsore,cold sore,colds ore
180,commonsense,commonsense,co mm on sense
181,cookbook,cookbook,cook book
182,cookout,cookout,cook out
183,cooktop,cook top,coo kt op
184,cookwear,cook wear,coo kw ear
185,copyright,copyright,copy right
186,copywriter,copywriter,copy writer
187,corkscrew,corkscrew,cork screw
188,cornfield,cornfield,corn field
189,cornflower,cornflower,corn flower
190,cornbread,cornbread,corn bread
191,corncob,corncob,corn cob
192,corndog,corn dog,corn dog
193,cornmeal,cornmeal,corn meal
194,cornstalk,cornstalk,corns talk
195,cottonmouth,cottonmouth,cot ton mouth
196,countdown,countdown,count down
197,counterattack,counterattack,count er attack
198,counterbalance,counterbalance,count er balance
199,counterclockwise,counterclockwise,count er clockwise
200,counterweight,counterweight,count er weight
201,countryside,countryside,country side
202,courthouse,courthouse,court house
203,courtyard,courtyard,court yard
204,cowbell,cow bell,cow be ll
205,cowboy,cowboy,cow boy
206,cowgirl,cowgirl,cow girl
207,cowslip,cowslip,cow slip
208,crabgrass,crabgrass,crab grass
209,craftsman,craftsman,crafts man
210,crawfish,craw fish,craw fish
211,crossbow,crossbow,cross bow
212,crossroad,crossroad,cross road
213,crosswalk,crosswalk,cross walk
214,crossword,crossword,cross word
215,crowbar,crowbar,crow bar
216,cubbyhole,cubbyhole,cub by hole
217,cupboard,cupboard,cup board
218,cupcake,cupcake,cup cake
219,cutaway,cutaway,cut away
220,cutback,cutback,cut back
221,cutoff,cutoff,cut off
222,cutthroat,cutthroat,cut throat
223,cutup,cutup,cut up
224,daredevil,daredevil,dare devil
225,darkroom,darkroom,dark room
226,dashboard,dashboard,dash board
227,database,database,data base
228,daybreak,daybreak,day break
229,daydream,daydream,day dream
230,daylight,daylight,day light
231,daytime,daytime,day time
232,deadline,deadline,dead line
233,desktop,desktop,desk top
234,dimwit,dimwit,dim wit
235,dishcloth,dishcloth,dish cloth
236,dishwasher,dishwasher,dish was her
237,dogcatcher,dogcatcher,dog catcher
238,dogfish,dogfish,dog fish
239,doghouse,doghouse,dog house
240,dogwood,dogwood,dog wood
241,doorbell,doorbell,do or bell
242,doorknob,doorknob,do or knob
243,doorman,doorman,do or man
244,doormat,doormat,do or mat
245,doorstep,doorstep,do or step
246,doorstop,doors top,do or stop
247,doorway,doorway,do or way
248,doughnut,doughnut,do ugh nut
249,downburst,down burst,down bur st
250,downcast,downcast,down cast
251,downdraft,downdraft,down draft
252,downfall,downfall,down fall
253,downhill,downhill,down hill
254,downhome,down home,down ho me
255,download,download,down load
256,downlink,down link,down link
257,downpayment,down payment,down payment
258,downplay,downplay,down play
259,downpour,downpour,down pour
260,downrate,down rate,down rate
261,downright,downright,down right
262,downscale,downscale,down scale
263,downshift,down shift,downs hi ft
264,downsize,downsize,down size
265,downstairs,downstairs,down stairs
266,downstream,downstream,down stream
267,downstroke,down stroke,down stroke
268,downthrow,down throw,down throw
269,downtown,downtown,down town
270,downtrodden,downtrodden,down trodden
271,downturn,downturn,down turn
272,downunder,down under,down under
273,downward,downward,down ward
274,downwind,downwind,down wind
275,dragonfly,dragonfly,drag on fly
276,drainpipe,drainpipe,drain pipe
277,dreadnought,dreadnought,dreadnought
278,dressmaker,dressmaker,dress maker
279,driftwood,driftwood,drift wood
280,driveway,driveway,drive way
281,dropout,dropout,drop out
282,drugstore,drugstore,drug store
283,drumbeat,drum beat,drum be at
284,drumstick,drumstick,drum stick
285,duckbill,duckbill,duck bill
286,dugout,dugout,dug out
287,dumbbell,dumbbell,dumb bell
288,dustpan,dustpan,dust pan
289,duststorm,dust storm,dusts to rm
290,earache,earache,ear ache
291,eardrum,eardrum,ear drum
292,earlobe,earlobe,ear lobe
293,earmark,earmark,ear mark
294,earmuff,earmuff,ear muff
295,earphone,earphone,ear phone
296,earring,earring,ear ring
297,earshot,earshot,ear shot
298,earthbound,earthbound,earth bound
299,earthquake,earthquake,earth quake
300,earthward,earthward,earth ward
301,earthworm,earthworm,earth worm
302,earwig,earwig,ear wig
303,eavesdrop,eavesdrop,eaves drop
304,eggbeater,eggbeater,egg beater
305,eggcup,egg cup,egg cup
306,egghead,egghead,egg head
307,eggnog,eggnog,eggnog
308,eggplant,eggplant,egg plant
309,eggroll,egg roll,egg roll
310,eggshell,eggshell,eggs hell
311,elsewhere,elsewhere,else where
312,evergreen,evergreen,ever green
313,everlasting,everlasting,ever lasting
314,everybody,everybody,every body
315,everyday,everyday,every day
316,everyone,everyone,every one
317,everything,everything,every thing
318,everywhere,everywhere,every where
319,eyeball,eyeball,eye ball
320,eyebrow,eyebrow,eye brow
321,eyeglasses,eyeglasses,eye glasses
322,eyelash,eyelash,eye lash
323,eyelid,eyelid,eye lid
324,eyesight,eyesight,eye sight
325,eyewitness,eyewitness,eye witness
326,fallout,fallout,fa ll out
327,fanfare,fanfare,fan fare
328,farewell,farewell,fa re well
329,farmhouse,farmhouse,fa rm house
330,farmyard,farmyard,fa rm yard
331,farsighted,farsighted,far sighted
332,fatherland,fatherland,fat her land
333,feedback,feedback,feed back
334,fiddlesticks,fiddlesticks,fiddle sticks
335,fingernail,fingernail,finger nail
336,fingerprint,fingerprint,finger print
337,fingertip,fingertip,finger tip
338,firearm,firearm,fire arm
339,fireboat,fire boat,fire boat
340,firebug,firebug,fire bug
341,firefighter,firefighter,fire fighter
342,firefly,firefly,fire fly
343,fireman,fireman,fire man
344,fireplace,fireplace,fire place
345,fireproofed,fireproofed,fire proofed
346,firewood,firewood,fire wood
347,fireworks,fireworks,fire works
348,firsthand,firsthand,fir st hand
349,fishbowl,fishbowl,fish bowl
350,fishcake,fish cake,fish cake
351,fisherman,fisherman,fish er man
352,fisherwoman,fisher woman,fish er woman
353,fisheye,fish eye,fish eye
354,fishhook,fishhook,fish hook
355,fishnet,fishnet,fish net
356,flapjacks,flapjacks,flap jacks
357,flagpole,flagpole,flag pole
358,flashlight,flashlight,fl ash light
359,flatfish,flatfish,fl at fish
360,floodlight,floodlight,flood light
361,floorboard,floorboard,floor board
362,flowerbed,flowerbed,fl ow er bed
363,flowerpot,flowerpot,fl ow er pot
364,flyby,flyby,fly by
365,flyweight,flyweight,fly weight
366,flywheel,flywheel,fly wheel
367,foghorn,foghorn,fog horn
368,folklore,folklore,folk lore
369,foolproof,foolproof,fool proof
370,football,football,foot ball
371,foothills,foothills,foot hills
372,footlights,footlights,foot lights
373,footman,footman,foot man
374,footnote,footnote,foot note
375,footprint,footprint,foot print
376,footrest,footrest,foot rest
377,footstep,footstep,foot step
378,footstool,footstool,foot stool
379,footwear,footwear,foot wear
380,forecast,forecast,fore cast
381,foreclose,foreclose,fore close
382,foreman,foreman,fore man
383,foremost,foremost,fore most
384,foreshadow,foreshadow,fore shadow
385,foresight,foresight,fore sight
386,forthwith,forthwith,forth with
387,foursquare,foursquare,four square
388,foxglove,foxglove,fox glove
389,foxhole,foxhole,fox hole
390,framework,framework,frame work
391,freeway,freeway,free way
392,freshman,freshman,fresh man
393,freshwater,freshwater,fresh water
394,frogman,frogman,frog man
395,frostbite,frostbite,fro st bite
396,fruitcake,fruitcake,fruit cake
397,frostbite,frostbite,fro st bite
398,frostbitten,frostbitten,fro st bitten
399,furthermore,furthermore,further more
400,gallbladder,gallbladder,gall bladder
401,gallstone,gallstone,gall stone
402,gearshift,gearshift,gear shift
403,gentleman,gentleman,gentle man
404,gemstone,gemstone,gem stone
405,ghostwriter,ghostwriter,ghost writer
406,gingerale,ginger ale,ginger ale
407,gingerbread,gingerbread,ginger bread
408,goalkeeper,goalkeeper,goal keeper
409,goalpost,goalpost,goal post
410,globetrotter,globetrotter,globe trotter
411,glowworm,glowworm,glow worm
412,goldenrod,goldenrod,gold en rod
413,goldfinch,goldfinch,gold finch
414,goldfish,goldfish,gold fish
415,goldmine,gold mine,gold mine
416,goldrush,gold rush,gold rush
417,goldsmith,goldsmith,gold smith
418,goodlooking,good looking,good loo king
419,goodnight,goodnight,good night
420,grandchild,grandchild,gr and child
421,granddaughter,granddaughter,gr and daughter
422,grandfather,grandfather,gr and father
423,grandma,grandma,gr and ma
424,grandmother,grandmother,gr and mother
425,grandpa,grandpa,gr and pa
426,grandparent,grandparent,gr and parent
427,grandson,grandson,grands on
428,grandstand,grandstand,gr and stand
429,grapefruit,grapefruit,gr ape fruit
430,grapevine,grapevine,gr ape vine
431,grasshopper,grasshopper,gr as shopper
432,grasslands,grasslands,gr ass lands
433,gravestone,gravestone,gr ave stone
434,graveyard,graveyard,gr ave yard
435,greenback,greenback,green back
436,greengrocer,greengrocer,green grocer
437,greenhorn,greenhorn,green horn
438,greenhouse,greenhouse,green house
439,Greenland,G r e e n l a n d,G r e e n l a n d
440,greenlight,green light,green light
441,greyhound,greyhound,greyhound
442,grindstone,grindstone,grinds tone
443,groundbreaking,groundbreaking,ground breaking
444,groundcover,ground cover,ground cover
445,groundhog,groundhog,ground hog
446,groundskeeper,groundskeeper,grounds keeper
447,groundspeed,ground speed,grounds peed
448,groundwork,groundwork,ground work
449,grownup,grownup,gr own up
450,guidebook,guidebook,guide book
451,guideline,guideline,guide line
452,guidepost,guide post,guide post
453,gumdrop,gumdrop,gum drop
454,gunfire,gunfire,gun fire
455,gunmetal,gunmetal,gun metal
456,gunpowder,gunpowder,gun powder
457,headstand,head stand,he ad st and
458,hacksaw,hacksaw,hacks aw
459,hailstone,hailstone,hail stone
460,hailstorm,hailstorm,hail storm
461,hairbrush,hairbrush,hair brush
462,haircut,haircut,hair cut
463,hairdo,hairdo,hair do
464,hairdresser,hairdresser,hair dresser
465,hairline,hairline,hair line
466,halfback,halfback,half back
467,halfhearted,halfhearted,half hear ted
468,halfway,halfway,half way
469,halfwit,half wit,half wit
470,hallway,hallway,ha ll way
471,handbag,handbag,hand bag
472,handball,handball,hand ball
473,handbook,handbook,hand book
474,handcuff,handcuff,hand cuff
475,handgun,handgun,hand gun
476,handgrenade,hand grenade,hand grenade
477,handheld,handheld,hand held
478,handhold,hand hold,hand hold
479,handkerchief,handkerchief,hand kerchief
480,handlebars,handlebars,handle bars
481,handmade,handmade,hand made
482,handover,handover,hand over
483,handprint,hand print,hand pr int
484,handpuppet,hand puppet,hand pup pet
485,handrail,handrail,hand rail
486,handset,handset,hand set
487,handshake,handshake,hand shake
488,handspring,handspring,hand spring
489,handstand,handstand,hand stand
490,handwaving,hand waving,hand waving
491,handwork,handwork,hand work
492,handwriting,handwriting,hand writing
493,handyman,handyman,handy man
494,hangman,hangman,hang man
495,hangnail,hangnail,hang nail
496,hangout,hangout,hang out
497,hardheaded,hardheaded,ha rd headed
498,hardhearted,hardhearted,ha rd hear ted
499,hardtop,hardtop,ha rd top
500,hardware,hardware,ha rd ware
501,hardwire,hard wire,ha rd wire
502,hayfever,hay fever,hay fever
503,hayfield,hay field,hay field
504,hayfork,hay fork,hay fork
505,hayloft,hayloft,hay loft
506,hayride,hay ride,hay ride
507,haystack,haystack,hay stack
508,haywire,haywire,hay wire
509,hazelnut,hazelnut,hazel nut
510,headache,headache,he ad ache
511,headboard,headboard,he ad board
512,headdress,headdress,he address
513,headfirst,headfirst,he ad first
514,headhunter,headhunter,he ad hunter
515,headland,headland,he ad land
516,headlight,headlight,he ad light
517,headline,headline,he ad line
518,headphone,headphone,he ad phone
519,headquarters,headquarters,he ad quarters
520,headrest,headrest,he ad rest
521,headset,headset,he ad set
522,headstone,headstone,he ad stone
523,headstand,head stand,he ad st and
524,headwaters,headwaters,he ad waters
525,headway,headway,he ad way
526,heartbeat,heartbeat,he art beat
527,heartburn,heartburn,he art burn
528,heartsick,heartsick,he art sick
529,heavyweight,heavyweight,heavy weight
530,hedgehog,hedgehog,hedge hog
531,hereafter,hereafter,he re after
532,heretofore,heretofore,he re to fore
533,herringbone,herringbone,her ring bone
534,herself,herself,her self
535,hideaway,hideaway,hide away
536,highbrow,highbrow,high brow
537,highchair,highchair,high chair
538,highflier,high flier,high flier
539,highground,high ground,high ground
540,highhanded,high handed,high hand ed
541,highjack,high jack,high jack
542,highlander,highlander,high lander
543,highlands,highlands,high lands
544,highlight,highlight,high light
545,highpoint,high point,high point
546,highrise,high rise,high rise
547,highroad,highroad,high road
548,highschool,high school,high school
549,hightail,hightail,high tail
550,hightops,high tops,high tops
551,highwater,high water,high water
552,highway,highway,high way
553,highwayman,highwayman,high way man
554,highwire,high wire,high wire
555,hijack,hijack,hi jack
556,hillside,hillside,hi ll side
557,hilltop,hilltop,hi ll top
558,himself,himself,him self
559,hindsight,hindsight,hind sight
560,hogtie,hog tie,hog tie
561,hogwash,hogwash,hog wash
562,hollyhock,hollyhock,holly hock
563,homecoming,homecoming,ho me coming
564,homeland,homeland,ho me land
565,homemade,homemade,ho me made
566,homeowner,homeowner,ho me owner
567,homesick,homesick,ho me sick
568,homeward,homeward,ho me ward
569,homework,homework,ho me work
570,honeybee,honeybee,honey bee
571,honeycomb,honeycomb,honey comb
572,honeydew,honeydew,honey dew
573,honeymoon,honeymoon,honey moon
574,hookworm,hookworm,hook worm
575,hopscotch,hopscotch,hop scotch
576,horseback,horseback,horse back
577,horsefly,horsefly,horse fly
578,horselaugh,horse laugh,horse la ugh
579,horseman,horseman,horse man
580,horseplay,horseplay,horse play
581,horsepower,horsepower,horse power
582,horseradish,horseradish,horse radish
583,horseshoe,horseshoe,horse shoe
584,hotbed,hotbed,hot bed
585,hotcake,hotcake,hot cake
586,hotdog,hot dog,hot dog
587,hothead,hothead,hot head
588,hotheaded,hotheaded,hot headed
589,hothouse,hothouse,hot house
590,hotline,hot line,hot line
591,hotrod,hot rod,ho trod
592,hotshot,hotshot,hot shot
593,hotsprings,hot springs,ho tsp rings
594,hottub,hot tub,hot tub
595,hotwire,hot wire,hot wire
596,hourglass,hourglass,hour glass
597,houseboat,houseboat,ho use boat
598,housebreaking,housebreaking,ho use breaking
599,housecoat,housecoat,ho use coat
600,houseflies,houseflies,ho use flies
601,household,household,ho use hold
602,housekeeper,housekeeper,ho use keeper
603,housewarming,housewarming,ho use warming
604,housewife,housewife,ho use wife
605,housework,housework,ho use work
606,hovercraft,hovercraft,hover craft
607,however,however,how ever
608,huckleberry,huckleberry,huckleberry
609,humankind,humankind,hum an kind
610,humbug,humbug,hum bug
611,humdrum,humdrum,hum drum
612,hummingbird,hummingbird,humming bird
613,humpback,humpback,hump back
614,hunchback,hunchback,hunch back
615,iceberg,iceberg,ice berg
616,icefish,ice fish,ice fish
617,inchworm,inch worm,in ch worm
618,income,income,in come
619,indoor,indoor,in door
620,inkblot,inkblot,ink blot
621,inland,inland,in land
622,inlet,inlet,in let
623,inmate,inmate,in mate
624,inside,inside,in side
625,instep,instep,in step
626,into,into,in to
627,inward,inward,in ward
628,itself,itself,it self
629,jackfruit,jack fruit,jack fruit
630,jackknife,jackknife,jack knife
631,jackpot,jackpot,jack pot
632,jawbone,jawbone,jaw bone
633,jawbreaker,jawbreaker,jaw breaker
634,jaybird,jay bird,jay bi rd
635,jaywalker,jaywalker,jay walker
636,jellybean,jellybean,jelly be an
637,jellyfish,jellyfish,jelly fish
638,jigsaw,jigsaw,jig saw
639,jitterbug,jitterbug,jitterbug
640,joystick,joystick,joy stick
641,jumpsuit,jumpsuit,jump suit
642,keepsake,keepsake,keep sake
643,kettledrum,kettledrum,kettle drum
644,keyboard,keyboard,key board
645,keyhole,keyhole,key hole
646,keystone,keystone,key stone
647,keyword,keyword,key word
648,kickoff,kickoff,kick off
649,killjoy,killjoy,kill joy
650,kindhearted,kindhearted,kind hear ted
651,knapsack,knapsack,knapsack
652,kneecap,kneecap,knee cap
653,knockout,knockout,knock out
654,ladybird,ladybird,lady bird
655,ladybug,ladybug,lady bug
656,lakebed,lake bed,lake bed
657,lakeside,lakeside,lake side
658,landfall,landfall,land fall
659,landform,land form,land form
660,landlord,landlord,land lord
661,landmark,landmark,land mark
662,landowner,landowner,land owner
663,landslide,landslide,land slide
664,larkspur,larkspur,lark spur
665,laughingstock,laughingstock,laughing stock
666,lawnmower,lawn mower,lawn mow er
667,lawsuit,lawsuit,law suit
668,layover,layover,lay over
669,leapfrog,leapfrog,leap frog
670,lefthanded,left handed,left hand ed
671,leftovers,leftovers,left overs
672,leftwing,left wing,left wing
673,levelheaded,levelheaded,level headed
674,lifeboat,lifeboat,life boat
675,lifeguard,lifeguard,life guard
676,lifelong,lifelong,life long
677,lifestyle,lifestyle,life style
678,lifetime,lifetime,life time
679,liftoff,liftoff,lift off
680,lightheaded,lightheaded,light headed
681,lighthearted,lighthearted,light hear ted
682,lighthouse,lighthouse,light house
683,lightweight,lightweight,light weight
684,limelight,limelight,lime light
685,limestone,limestone,lime stone
686,linebacker,linebacker,line backer
687,linedancing,line dancing,line dancing
688,lineman,lineman,line man
689,lineup,lineup,line up
690,lionheart,lion heart,lion he art
691,lipstick,lipstick,lip stick
692,litterbug,litterbug,litter bug
693,livestock,livestock,live stock
694,locksmith,locksmith,lo ck smith
695,loggerheads,loggerheads,logger heads
696,logjam,logjam,log jam
697,longhand,longhand,long hand
698,longshoreman,longshoreman,long sh ore man
699,lookout,lookout,look out
700,loophole,loophole,lo op hole
701,lopsided,lopsided,lop sided
702,loudmouth,loudmouth,loud mouth
703,lovesick,lovesick,love sick
704,lowbrow,lowbrow,low brow
705,lowland,lowland,low land
706,lowlife,low life,low life
707,lukewarm,lukewarm,lukewarm
708,lumberjack,lumberjack,lumber jack
709,lunchroom,lunchroom,lunch room
710,lungfish,lungfish,lung fish
711,mailbox,mailbox,mail box
712,mailman,mailman,mail man
713,mainland,mainland,ma inland
714,mainstream,mainstream,ma in stream
715,makeshift,makeshift,make shift
716,manhole,manhole,man hole
717,manhunt,manhunt,man hunt
718,mankind,mankind,man kind
719,manpower,manpower,man power
720,marketplace,marketplace,market place
721,marksman,marksman,mar ks man
722,mastermind,mastermind,mas term ind
723,masterpiece,masterpiece,ma st er piece
724,matchbook,matchbook,mat ch book
725,matchmaker,matchmaker,mat ch maker
726,maybe,maybe,may be
727,mayflower,mayflower,may flower
728,mealtime,mealtime,meal time
729,meanwhile,meanwhile,me an while
730,meatball,meatball,me at ball
731,meatloaf,meatloaf,me at loaf
732,middleman,middleman,middle man
733,midshipman,midshipman,mid ship man
734,milestone,milestone,mile stone
735,milkshake,milkshake,milk shake
736,mockingbird,mockingbird,mocking bird
737,mockup,mock up,mo ck up
738,moonbeam,moonbeam,mo on beam
739,moonlight,moonlight,mo on light
740,moonstruck,moonstruck,moons truck
741,moreover,moreover,mo re over
742,motorboat,motorboat,mot or boat
743,motorcycle,motorcycle,mot or cycle
744,mousetrap,mousetrap,mo use trap
745,mouthpiece,mouthpiece,mouth piece
746,muskrat,muskrat,musk rat
747,myself,myself,my self
748,namesake,namesake,name sake
749,neckline,neckline,neck line
750,necktie,necktie,neck tie
751,nearsighted,nearsighted,near sighted
752,needlepoint,needlepoint,needle point
753,needlework,needlework,needle work
754,network,network,net work
755,nevertheless,nevertheless,never the less
756,newborn,newborn,new born
757,newcomer,newcomer,new comer
758,newsletter,newsletter,news letter
759,newspaper,newspaper,news paper
760,newsstand,newsstand,news stand
761,newsworthy,newsworthy,news worthy
762,nightfall,nightfall,night fall
763,nightgown,nightgown,night gown
764,nightmare,nightmare,night mare
765,nightshift,night shift,nigh ts hi ft
766,nightstand,nightstand,night stand
767,nighttime,nighttime,night time
768,nitwit,nitwit,nit wit
769,nobleman,nobleman,noble man
770,nobody,nobody,no body
771,northeast,northeast,north east
772,northwest,northwest,north west
773,nosebleed,nosebleed,nose bleed
774,nosedive,nosedive,nose dive
775,notebook,notebook,note book
776,noteworthy,noteworthy,note worthy
777,nothing,nothing,no thing
778,nowhere,nowhere,no where
779,nutshell,nutshell,nut shell
780,oatmeal,oatmeal,oat meal
781,offline,offline,off line
782,offshoot,offshoot,off shoot
783,offshore,offshore,off shore
784,offside,offside,off side
785,offspring,offspring,off spring
786,oilcan,oil can,oil can
787,oncoming,oncoming,on coming
788,oneself,oneself,one self
789,ongoing,ongoing,on going
790,online,online,on line
791,onlooker,onlooker,on looker
792,onrush,onrush,on rush
793,onset,onset,on set
794,onto,on to,onto
795,onward,onward,on ward
796,openhanded,openhanded,op en handed
797,otherwise,otherwise,other wise
798,ourselves,ourselves,our selves
799,outbid,outbid,out bid
800,outbreak,outbreak,out break
801,outburst,outburst,out burst
802,outcast,outcast,out cast
803,outcome,outcome,out come
804,outcropping,outcropping,out cropping
805,outcry,outcry,out cry
806,outdated,outdated,out dated
807,outdo,outdo,out do
808,outdoors,outdoors,out doors
809,outdoorsman,outdoors man,out doors man
810,outfield,outfield,out field
811,outfit,outfit,out fit
812,outflow,outflow,out flow
813,outfox,outfox,out fox
814,outgas,out gas,out gas
815,outgoing,outgoing,out going
816,outgrown,outgrown,out grown
817,outhouse,outhouse,out house
818,outlast,outlast,out last
819,outlaw,outlaw,out law
820,outlay,outlay,out lay
821,outlet,outlet,out let
822,outline,outline,out line
823,outlive,outlive,out live
824,outlook,outlook,out look
825,outlying,outlying,out lying
826,outnumber,outnumber,out number
827,outpost,outpost,out post
828,output,output,out put
829,outrage,outrage,out rage
830,outrank,outrank,out rank
831,outrun,outrun,out run
832,outside,outside,out side
833,outsider,outsider,outs id er
834,outshine,outshine,out shine
835,outside,outside,out side
836,outsider,outsider,outs id er
837,outskirts,outskirts,out skirts
838,outsmart,outsmart,out smart
839,outsource,outsource,out source
840,outspoken,outspoken,out spoken
841,outstanding,outstanding,out standing
842,outstay,outstay,out stay
843,outstretched,outstretched,out stretched
844,outtake,outtake,out take
845,outward,outward,out ward
846,overabundant,overabundant,over abundant
847,overachieve,overachieve,over achieve
848,overact,overact,over act
849,overactive,overactive,over active
850,overage,overage,over age
851,overall,overall,over all
852,overalls,overalls,overalls
853,overarching,over arching,over arching
854,overbearing,overbearing,over bearing
855,overbite,overbite,over bite
856,overblown,overblown,over blown
857,overboard,overboard,over board
858,overbooked,overbooked,over booked
859,overburden,overburden,over burden
860,overcast,overcast,over cast
861,overcharge,overcharge,over charge
862,overcoat,overcoat,over coat
863,overcome,overcome,over come
864,overcompensate,overcompensate,over compensate
865,overcook,overcook,over cook
866,overcrowd,overcrowd,over crowd
867,overdo,overdo,over do
868,overdose,overdose,over dose
869,overdraft,overdraft,over draft
870,overdressed,overdressed,over dressed
871,overdrive,overdrive,over drive
872,overdue,overdue,over due
873,overeager,overeager,over eager
874,overeat,overeat,over eat
875,overexposed,overexposed,over exposed
876,overfill,over fill,over fill
877,overflow,overflow,over flow
878,overfull,overfull,over full
879,overgrown,overgrown,over grown
880,overhand,overhand,over hand
881,overhang,overhang,over hang
882,overhaul,overhaul,over haul
883,overhead,overhead,over head
884,overhear,overhear,over hear
885,overheat,overheat,over heat
886,overkill,overkill,over kill
887,overland,overland,over land
888,overlap,overlap,over lap
889,overlay,overlay,over lay
890,overload,overload,over load
891,overlook,overlook,over look
892,overlord,overlord,over lord
893,overlying,overlying,over lying
894,overnight,overnight,over night
895,overpack,over pack,over pa ck
896,overpaid,overpaid,over paid
897,overpay,overpay,over pay
898,overpower,overpower,over power
899,overrate,overrate,over rate
900,overreach,overreach,over reach
901,overreact,overreact,over react
902,override,override,over ride
903,overrule,overrule,over rule
904,overrun,overrun,over run
905,overseas,overseas,over seas
906,overseer,overseer,over seer
907,oversight,oversight,over sight
908,overshoe,overshoe,over shoe
909,oversleep,oversleep,over sleep
910,overstate,overstate,over state
911,overstretched,over stretched,over st retched
912,overtake,overtake,over take
913,overtaxed,overtaxed,over taxed
914,overthrow,overthrow,over throw
915,overtime,overtime,over time
916,overturn,overturn,over turn
917,overuse,overuse,over use
918,overvalue,over value,over value
919,overview,overview,over view
920,overweight,overweight,over weight
921,overwork,overwork,over work
922,oxbow,oxbow,ox bow
923,pancake,pancake,pan cake
924,panhandle,panhandle,pan handle
925,paperback,paperback,pa per back
926,paperweight,paperweight,pa per weight
927,paperwork,paperwork,pa per work
928,parkway,parkway,park way
929,passageway,passageway,pass age way
930,passbook,passbook,pass book
931,passerby,passerby,pass er by
932,passkey,passkey,pass key
933,passport,passport,pas sport
934,password,password,pass word
935,passionflower,passion flower,pass ion fl ow er
936,passionfruit,passion fruit,pass ion fruit
937,pastureland,pastureland,pasture land
938,patchwork,patchwork,pat ch work
939,pathfinder,pathfinder,path finder
940,pathway,pathway,path way
941,pawnbroker,pawnbroker,pawn broker
942,payroll,payroll,pay roll
943,peacekeeper,peace keeper,peace keep er
944,peacemaker,peacemaker,peace maker
945,peanut,peanut,pea nut
946,peanutbutter,peanut butter,pea nut butt er
947,peapod,pea pod,pea pod
948,penknife,penknife,pen knife
949,peppercorn,peppercorn,pep per corn
950,peppermint,peppermint,pep per mint
951,pickax,pickax,pi ck ax
952,pickpocket,pickpocket,pi ck pocket
953,piecrust,pie crust,pi ecru st
954,pigeonhole,pigeonhole,pig eon hole
955,piggyback,piggyback,piggy back
956,pigpen,pigpen,pig pen
957,pigsty,pigsty,pig sty
958,pigskin,pigskin,pig skin
959,pigtail,pigtail,pig tail
960,pillbox,pillbox,pi ll box
961,pillowcase,pillowcase,pi ll ow case
962,pincushion,pincushion,pin cushion
963,pineapple,pineapple,pine apple
964,pinecone,pine cone,pine cone
965,pinpoint,pinpoint,pin point
966,pinprick,pinprick,pin prick
967,pinup,pinup,pin up
968,pinwheel,pinwheel,pin wheel
969,pipefish,pipe fish,pipe fish
970,pipeline,pipeline,pipe line
971,pitbull,pit bull,pit bu ll
972,pitchfork,pitchfork,pit ch fork
973,plainclothes,plainclothes,plain clothes
974,playground,playground,play ground
975,playpen,playpen,play pen
976,plaything,plaything,play thing
977,plywood,plywood,ply wood
978,pocketbook,pocketbook,pocket book
979,pocketknife,pocketknife,pocket knife
980,polecat,polecat,pole cat
981,polestar,polestar,pole star
982,polevault,pole vault,pole vault
983,policeman,policeman,pol iceman
984,policewoman,policewoman,pol ice woman
985,popcorn,popcorn,pop corn
986,popover,popover,pop over
987,postcard,postcard,post card
988,postmark,postmark,post mark
989,postmaster,postmaster,post master
990,potholder,potholder,pot holder
991,pothole,pothole,pot hole
992,potluck,potluck,pot luck
993,potpie,potpie,pot pie
994,powerboat,powerboat,pow er boat
995,powerhouse,powerhouse,pow er house
996,praiseworthy,praiseworthy,praise worthy
997,primrose,primrose,prim rose
998,printout,printout,pr in tout
999,proofread,proofread,pro of read
1000,pullover,pullover,pull over
1001,purebred,purebred,pure bred
1002,pushcart,pushcart,push cart
1003,pushover,pushover,push over
1004,quarterback,quarterback,qua rt er back
1005,quarterhorse,quarter horse,qua rt er horse
1006,quartermaster,quartermaster,qua rt er master
1007,quickfire,quick fire,quick fire
1008,quicksand,quicksand,quick sand
1009,quicksilver,quicksilver,quick silver
1010,racecar,race car,race car
1011,racecourse,racecourse,race course
1012,racehorse,racehorse,race horse
1013,racetrack,racetrack,race track
1014,railroad,railroad,rail road
1015,railway,railway,rail way
1016,rainbow,rainbow,rain bow
1017,raincoat,raincoat,rain coat
1018,rainfall,rainfall,rain fall
1019,rainout,rain out,rain out
1020,rainstorm,rainstorm,rain storm
1021,rattlesnake,rattlesnake,rattle snake
1022,redcoat,redcoat,red coat
1023,redeye,red eye,red eye
1024,redhead,redhead,red head
1025,redwood,redwood,red wood
1026,reindeer,reindeer,rein deer
1027,righthanded,right handed,rig ht hand ed
1028,rightwing,right wing,rig ht wing
1029,ringleader,ringleader,ring leader
1030,ringside,ringside,ring side
1031,ringworm,ringworm,ring worm
1032,ripsaw,ripsaw,rip saw
1033,riverbed,riverbed,river bed
1034,riverside,riverside,river side
1035,roadbed,roadbed,road bed
1036,roadrunner,roadrunner,road runner
1037,roadside,roadside,road side
1038,roadway,roadway,road way
1039,rockfish,rock fish,rock fish
1040,rockhound,rock hound,rock hound
1041,rockslide,rock slide,rock slide
1042,roommate,roommate,room mate
1043,rosebud,rosebud,rose bud
1044,rosemary,rosemary,rosemary
1045,roughhouse,roughhouse,rough house
1046,roughneck,roughneck,rough neck
1047,roundup,roundup,round up
1048,rowboat,rowboat,row boat
1049,runaway,runaway,run away
1050,runoff,runoff,run off
1051,runway,runway,run way
1052,safeguard,safeguard,safe guard
1053,sailboat,sailboat,sail boat
1054,sailfish,sailfish,sail fish
1055,salesman,salesman,sales man
1056,saleswoman,saleswoman,sales woman
1057,saltshaker,saltshaker,salt shaker
1058,saltwater,saltwater,salt water
1059,sandbar,sandbar,sand bar
1060,sandbox,sandbox,sand box
1061,sandman,sandman,sand man
1062,sandpaper,sandpaper,sand paper
1063,sandstorm,sandstorm,sand storm
1064,saucepan,saucepan,sauce pan
1065,sawdust,sawdust,saw dust
1066,sawhorse,sawhorse,saw horse
1067,sawmill,sawmill,saw mill
1068,scarecrow,scarecrow,scare crow
1069,scatterbrain,scatterbrain,scatter brain
1070,schoolhouse,schoolhouse,school house
1071,schoolroom,schoolroom,school room
1072,schoolteacher,schoolteacher,school teacher
1073,scrapbook,scrapbook,scrap book
1074,screwdriver,screwdriver,screw driver
1075,seabed,seabed,sea bed
1076,seabird,seabird,sea bird
1077,seabreeze,sea breeze,sea breeze
1078,seaboard,seaboard,sea board
1079,seachange,sea change,sea change
1080,seacoast,seacoast,sea coast
1081,seafarer,seafarer,sea far er
1082,seafood,seafood,sea food
1083,seagoing,seagoing,sea going
1084,seagrass,sea grass,sea gr ass
1085,seagull,seagull,sea gull
1086,seahorse,seahorse,sea horse
1087,sealion,sea lion,seal ion
1088,seaplane,seaplane,sea plane
1089,searchengine,search engine,sear ch engine
1090,searchlight,searchlight,sear ch light
1091,seashell,seashell,sea shell
1092,seashore,seashore,sea shore
1093,seasick,seasick,sea sick
1094,seaside,seaside,sea side
1095,seastar,sea star,seas tar
1096,seatbelt,seat belt,seat belt
1097,seawall,seawall,sea wall
1098,seaway,seaway,sea way
1099,seaweed,seaweed,sea weed
1100,seaworthy,seaworthy,sea worthy
1101,secondhand,secondhand,second hand
1102,seedpod,seedpod,seed pod
1103,setback,setback,set back
1104,sheepdog,sheepdog,sheep dog
1105,shellfish,shellfish,she ll fish
1106,shipmate,shipmate,ship mate
1107,shipshape,shipshape,ship shape
1108,shipwreck,shipwreck,ship wreck
1109,shipyard,shipyard,ship yard
1110,shoehorn,shoehorn,shoe horn
1111,shoelace,shoelace,shoe lace
1112,shopkeeper,shopkeeper,sh op keeper
1113,shoreline,shoreline,sh ore line
1114,shortbread,shortbread,short bread
1115,shortcake,shortcake,short cake
1116,shorthand,shorthand,short hand
1117,shortstop,shortstop,short stop
1118,showman,showman,sh ow man
1119,showoff,showoff,sh ow off
1120,shuffleboard,shuffleboard,shuffle board
1121,shutdown,shutdown,shut down
1122,shuteye,shuteye,shut eye
1123,sideboard,sideboard,side board
1124,sidecar,sidecar,side car
1125,sidekick,sidekick,side kick
1126,sideline,sideline,side line
1127,sidestep,sidestep,side step
1128,sidestroke,sidestroke,side stroke
1129,sideswipe,sideswipe,side swipe
1130,sidetrack,sidetrack,side track
1131,sidewalk,sidewalk,side walk
1132,sideways,sideways,side ways
1133,sightseer,sightseer,sight seer
1134,sightseeing,sightseeing,sight seeing
1135,signpost,signpost,sign post
1136,silkworm,silkworm,silk worm
1137,silverware,silverware,silver ware
1138,singsong,singsong,sing song
1139,skateboard,skateboard,skate board
1140,skylight,skylight,sky light
1141,skyline,skyline,sky line
1142,skyrocket,skyrocket,sky rocket
1143,skyscraper,skyscraper,sky scraper
1144,skywriting,skywriting,sky writing
1145,slapstick,slapstick,slap stick
1146,slaughterhouse,slaughterhouse,slaughter house
1147,sledgehammer,sledgehammer,sledge hammer
1148,sleepwalker,sleepwalker,sleep walker
1149,sleepyhead,sleepyhead,sleepy head
1150,slingshot,slingshot,slings hot
1151,slipcover,slipcover,slip cover
1152,slipknot,slipknot,slip knot
1153,slipshod,slipshod,slip shod
1154,smallpox,smallpox,small pox
1155,smalltalk,small talk,small talk
1156,smokestack,smokestack,smoke stack
1157,snapdragon,snapdragon,snap dragon
1158,snapshot,snapshot,snaps hot
1159,snowball,snowball,snow ball
1160,snowboard,snowboard,snow board
1161,snowbound,snowbound,snow bound
1162,snowdrift,snowdrift,snow drift
1163,snowdrop,snowdrop,snow drop
1164,snowfall,snowfall,snow fall
1165,snowflake,snowflake,snow flake
1166,snowplow,snowplow,snow plow
1167,snowshoe,snowshoe,snow shoe
1168,snowstorm,snowstorm,snow storm
1169,snubnosed,snub nosed,snub nos ed
1170,soapstone,soapstone,soap stone
1171,softball,softball,so ft ball
1172,software,software,so ft ware
1173,somebody,somebody,so me body
1174,someday,someday,so me day
1175,somehow,somehow,so me how
1176,someone,someone,so me one
1177,someplace,someplace,so me place
1178,something,something,so me thing
1179,sometime,sometime,so me time
1180,somewhat,somewhat,so me what
1181,somewhere,somewhere,so me where
1182,songbird,songbird,song bird
1183,soundproof,soundproof,sound proof
1184,soundtrack,soundtrack,sound track
1185,southeast,southeast,south east
1186,southwest,southwest,south west
1187,soybean,soybean,soy be an
1188,soysauce,soy sauce,soy sauce
1189,spacecraft,spacecraft,space craft
1190,spaceship,spaceship,space ship
1191,spacesuit,spacesuit,space suit
1192,spareribs,spareribs,spa re ribs
1193,speakeasy,speakeasy,speak easy
1194,spellbound,spellbound,spell bound
1195,spoilsport,spoilsport,spoils port
1196,sportscast,sportscast,sports cast
1197,sportscaster,sportscaster,sports caster
1198,sportsman,sportsman,sports man
1199,sportsmanship,sportsmanship,sports man ship
1200,sportswriter,sportswriter,sports writer
1201,spotlight,spotlight,spot light
1202,springboard,springboard,spring board
1203,springtime,springtime,spring time
1204,spyglass,spyglass,spy glass
1205,stagecoach,stagecoach,st age coach
1206,staircase,staircase,st air case
1207,stairway,stairway,st airway
1208,standby,standby,st and by
1209,standoff,standoff,st and off
1210,standpipe,stand pipe,st and pipe
1211,standstill,standstill,st and still
1212,starboard,starboard,star board
1213,starfish,starfish,star fish
1214,stargazer,stargazer,star gazer
1215,starlight,starlight,star light
1216,stateside,stateside,st ate side
1217,starship,star ship,stars hip
1218,startup,startup,st art up
1219,statesman,statesman,st at es man
1220,steamboat,steamboat,steam boat
1221,steamroller,steamroller,steam roller
1222,steamship,steamship,steam ship
1223,steeplechase,steeplechase,steeple chase
1224,stepbrother,stepbrother,step brother
1225,stepdaughter,stepdaughter,step daughter
1226,stepfather,stepfather,step father
1227,stepladder,stepladder,step ladder
1228,stepmother,stepmother,step mother
1229,steppingstone,steppingstone,step ping stone
1230,stepsister,stepsister,step sister
1231,stepson,stepson,steps on
1232,stingray,stingray,sting ray
1233,stockbroker,stockbroker,stock broker
1234,stockholder,stockholder,stock holder
1235,stockpile,stockpile,stock pile
1236,stomachache,stomachache,stomach ache
1237,stonewall,stonewall,st one wall
1238,stoneware,stoneware,st one ware
1239,stonework,stonework,st one work
1240,stopwatch,stopwatch,st op watch
1241,storehouse,storehouse,st ore house
1242,storekeeper,storekeeper,st ore keeper
1243,storyteller,storyteller,story teller
1244,stowaway,stowaway,st ow away
1245,straightedge,straightedge,straight edge
1246,straightforward,straightforward,straight forward
1247,strawberry,strawberry,st raw berry
1248,streamline,streamline,st ream line
1249,streetcar,streetcar,street car
1250,strongbox,strongbox,strong box
1251,stronghold,stronghold,strong hold
1252,surfboard,surfboard,surf board
1253,suitcase,suitcase,suit case
1254,summertime,summertime,summer time
1255,sunbonnet,sunbonnet,sun bonnet
1256,sunburn,sunburn,sun burn
1257,sundial,sundial,sun dial
1258,sundown,sundown,sun down
1259,sundress,sun dress,sun dress
1260,sunfish,sunfish,sun fish
1261,sunflower,sunflower,sun flower
1262,sunglasses,sunglasses,sun glasses
1263,sunlight,sunlight,sun light
1264,sunrise,sunrise,sun rise
1265,sunset,sunset,sun set
1266,sunshine,sunshine,sun shine
1267,sunspot,sunspot,sun spot
1268,sunstroke,sunstroke,sun stroke
1269,sunup,sunup,sun up
1270,supercharged,supercharged,sup er charged
1271,supercollider,super collider,sup er co ll id er
1272,supercomputer,supercomputer,sup er computer
1273,superconductor,superconductor,sup er conductor
1274,superfood,super food,sup er food
1275,supergiant,super giant,sup er giant
1276,superglue,super glue,sup er glue
1277,superheavyweight,super heavyweight,sup er heavy weight
1278,superhero,superhero,sup er hero
1279,superhighway,superhighway,sup er highway
1280,superhuman,superhuman,sup er human
1281,superimpose,superimpose,sup er impose
1282,superman,superman,sup er man
1283,supermarket,supermarket,sup er market
1284,supernatural,supernatural,sup er natural
1285,supernova,supernova,sup er nova
1286,supertanker,supertanker,sup er tanker
1287,superuser,superuser,sup er user
1288,superwoman,super woman,sup er woman
1289,surfboard,surfboard,surf board
1290,swallowtail,swallowtail,swallow tail
1291,sweatshirt,sweatshirt,sweat shirt
1292,sweetheart,sweetheart,sweet heart
1293,swimsuit,swimsuit,swim suit
1294,swordfish,swordfish,sword fish
1295,tablecloth,tablecloth,table cloth
1296,tableland,tableland,table land
1297,tablesaw,table saw,ta bl es aw
1298,tablespoon,tablespoon,table spoon
1299,tabletop,table top,tab let op
1300,tailback,tail back,tail back
1301,tailspin,tailspin,tail spin
1302,takeaway,take away,take away
1303,takeoff,takeoff,take off
1304,takeout,takeout,take out
1305,takeover,takeover,take over
1306,tapeworm,tapeworm,tape worm
1307,tattletale,tattletale,tattle tale
1308,taxicab,taxicab,ta xi cab
1309,teacup,teacup,tea cup
1310,teammate,teammate,team mate
1311,teapot,teapot,tea pot
1312,teardrop,teardrop,tear drop
1313,tearjerker,tearjerker,tear jerk er
1314,tearoom,tearoom,tea room
1315,teashop,tea shop,teas hop
1316,teaspoon,teaspoon,tea spoon
1317,teatime,teatime,tea time
1318,telltale,telltale,tell tale
1319,textbook,textbook,text book
1320,thanksgiving,thanksgiving,than ks giving
1321,themselves,themselves,them selves
1322,thighbone,thighbone,thigh bone
1323,thoroughbred,thoroughbred,tho rough bred
1324,thoroughfare,thoroughfare,tho rough fare
1325,threadbare,threadbare,thread bare
1326,throughout,throughout,through out
1327,thumbnail,thumbnail,thumb nail
1328,thunderbolt,thunderbolt,thunder bolt
1329,thunderclap,thunderclap,thunder clap
1330,thundercloud,thundercloud,thunder cloud
1331,thunderstorm,thunderstorm,thunder storm
1332,thunderstruck,thunderstruck,thunder struck
1333,tideland,tide land,tide land
1334,tightrope,tightrope,tight rope
1335,timecard,time card,ti me ca rd
1336,timekeeper,timekeeper,ti me keeper
1337,timelapse,time lapse,ti me lapse
1338,timeline,timeline,ti me line
1339,timeout,time out,ti me out
1340,timepiece,timepiece,ti me piece
1341,timesaver,time saver,ti mes aver
1342,timescale,timescale,ti me scale
1343,timesheet,time sheet,ti me sheet
1344,timetable,timetable,ti met able
1345,timewarp,time warp,ti me warp
1346,timeworn,timeworn,ti me worn
1347,tiptoe,tiptoe,tip toe
1348,toadstool,toadstool,to ad stool
1349,toenail,toenail,toe nail
1350,tombstone,tombstone,tomb stone
1351,tomcat,tomcat,tom cat
1352,toolbox,toolbox,tool box
1353,toothbrush,toothbrush,tooth brush
1354,toothpaste,toothpaste,tooth paste
1355,toothpick,toothpick,tooth pick
1356,topcoat,topcoat,top coat
1357,topflight,top flight,to pf light
1358,tophat,to phat,top hat
1359,topknot,topknot,top knot
1360,topsail,topsail,top sail
1361,topside,topside,top side
1362,topsoil,topsoil,top soil
1363,topspin,top spin,tops pin
1364,topstitch,top stitch,top st itch
1365,touchdown,touchdown,touch down
1366,trademark,trademark,trade mark
1367,tradeoff,trade off,trade off
1368,tradesman,tradesman,tr ad es man
1369,tradeunion,trade union,trade uni on
1370,treadmill,treadmill,tread mill
1371,treetop,treetop,tree top
1372,triggerfish,trigger fish,trigger fish
1373,troublemaker,troublemaker,trouble maker
1374,trustworthy,trustworthy,trust worthy
1375,tryout,tryout,try out
1376,tugboat,tugboat,tug boat
1377,tumbledown,tumbledown,tumble down
1378,tumbleweed,tumbleweed,tumble weed
1379,turncoat,turncoat,turn coat
1380,turnout,turnout,turn out
1381,turnover,turnover,turn over
1382,turnpike,turnpike,turn pike
1383,turnstile,turnstile,turn stile
1384,turtleneck,turtleneck,turtle neck
1385,typeface,typeface,type face
1386,typewriter,typewriter,type writer
1387,underachieve,underachieve,under achieve
1388,underachiever,underachiever,under achiever
1389,underarm,underarm,under arm
1390,underclothing,underclothing,under clothing
1391,undercook,under cook,under cook
1392,undercover,undercover,under cover
1393,undercut,undercut,under cut
1394,underdone,underdone,under done
1395,underdog,underdog,under dog
1396,underdone,underdone,under done
1397,undergo,undergo,under go
1398,underground,underground,under ground
1399,undergrowth,undergrowth,under growth
1400,underhand,underhand,under hand
1401,undersea,undersea,under sea
1402,undershirt,undershirt,under shirt
1403,understand,understand,under stand
1404,understated,understated,under stated
1405,undertake,undertake,under take
1406,undertaker,undertaker,under taker
1407,undervalue,undervalue,under value
1408,underwater,underwater,under water
1409,underwear,underwear,under wear
1410,underweight,underweight,under weight
1411,underworld,underworld,under world
1412,upbeat,upbeat,up beat
1413,upbringing,upbringing,up bringing
1414,upcoming,upcoming,up coming
1415,update,update,up date
1416,updraft,updraft,up draft
1417,upgrade,upgrade,up grade
1418,uphill,uphill,up hill
1419,uphold,uphold,up hold
1420,upkeep,upkeep,up keep
1421,uplift,uplift,up lift
1422,upload,upload,up load
1423,upon,upon,up on
1424,uppermost,uppermost,up per most
1425,upright,upright,up right
1426,uprising,uprising,up rising
1427,uproar,uproar,up roar
1428,uproot,uproot,up root
1429,upset,upset,up set
1430,upstage,upstage,up stage
1431,upstairs,upstairs,up stairs
1432,upstanding,upstanding,up standing
1433,upstart,upstart,up start
1434,upstate,upstate,up state
1435,upstream,upstream,up stream
1436,upswing,upswing,up swing
1437,uptake,uptake,up take
1438,uptown,uptown,up town
1439,upturn,upturn,up turn
1440,upward,upward,up ward
1441,upwelling,up welling,up welling
1442,upwind,up wind,up wind
1443,username,username,us er name
1444,viewpoint,viewpoint,view point
1445,vineyard,vineyard,vine yard
1446,volleyball,volleyball,volley ball
1447,voltmeter,voltmeter,volt meter
1448,waistcoat,waistcoat,waist coat
1449,waistline,waistline,waist line
1450,walkingstick,walking stick,walk in gs tick
1451,walkout,walkout,walk out
1452,walkway,walkway,walk way
1453,wallflower,wallflower,wall flower
1454,wallpaper,wallpaper,wall paper
1455,wardrobe,wardrobe,ward robe
1456,warehouse,warehouse,ware house
1457,warfare,warfare,war fare
1458,warmup,warm up,warm up
1459,warpath,warpath,war path
1460,warship,warship,war ship
1461,washcloth,washcloth,wash cloth
1462,washstand,washstand,wash stand
1463,wasteland,wasteland,waste land
1464,watercolor,watercolor,water color
1465,watercress,watercress,water cress
1466,watchdog,watchdog,watch dog
1467,waterbed,waterbed,water bed
1468,waterfall,waterfall,water fall
1469,waterfowl,waterfowl,water fowl
1470,waterfront,waterfront,water front
1471,watermelon,watermelon,water melon
1472,waterproof,waterproof,water proof
1473,watershed,watershed,water shed
1474,waterspout,waterspout,water spout
1475,watertight,watertight,water tight
1476,waterway,waterway,water way
1477,waterworks,waterworks,water works
1478,wavelength,wavelength,wave length
1479,wayside,wayside,way side
1480,weatherman,weatherman,we at her man
1481,weatherproof,weatherproof,we at her proof
1482,weathervane,weather vane,we at her vane
1483,website,website,web site
1484,weekday,weekday,week day
1485,weekend,weekend,week end
1486,weightlifter,weightlifter,weight lifter
1487,wetlands,wetlands,wet lands
1488,wetsuit,wet suit,wet suit
1489,whatever,whatever,what ever
1490,whatsoever,whatsoever,what so ever
1491,wheelbarrow,wheelbarrow,wheel barrow
1492,wheelchair,wheelchair,wheel chair
1493,whenever,whenever,when ever
1494,whereas,whereas,where as
1495,whereby,whereby,where by
1496,whereupon,whereupon,where upon
1497,wherewith,where with,where with
1498,wherewithall,where with all,where wit hall
1499,whichever,whichever,which ever
1500,whirlpool,whirlpool,whirl pool
1501,whirlwind,whirlwind,whirl wind
1502,whitefish,whitefish,white fish
1503,whitewall,whitewall,white wall
1504,whitewash,whitewash,white wash
1505,whoever,whoever,who ever
1506,wholehearted,wholehearted,whole hear ted
1507,wholesale,wholesale,whole sale
1508,whomever,whomever,whom ever
1509,widescreen,widescreen,wide screen
1510,widespread,widespread,wide spread
1511,wildcat,wildcat,wild cat
1512,wildfire,wildfire,wild fire
1513,wildflower,wildflower,wild flower
1514,wildlife,wildlife,wild life
1515,windbreaker,windbreaker,wind breaker
1516,windfall,windfall,wind fall
1517,windmill,windmill,wind mill
1518,windowpane,windowpane,wind ow pane
1519,windowsill,windowsill,windows ill
1520,windpipe,windpipe,wind pipe
1521,windshield,windshield,wind shield
1522,windsock,windsock,wind sock
1523,windstorm,windstorm,wind storm
1524,windswept,windswept,wind swept
1525,windward,windward,wind ward
1526,wingspan,wingspan,wing span
1527,wingspread,wingspread,wing spread
1528,wintertime,wintertime,winter time
1529,wiretap,wiretap,wire tap
1530,wisecrack,wisecrack,wise crack
1531,wishbone,wishbone,wish bone
1532,witchcraft,witchcraft,wit ch craft
1533,withdraw,withdraw,with draw
1534,withhold,withhold,with hold
1535,within,within,with in
1536,without,without,with out
1537,withstand,withstand,with stand
1538,wolfhound,wolfhound,wolf hound
1539,wolfsbane,wolfs bane,wolfs bane
1540,wonderland,wonderland,wonder land
1541,woodcarver,woodcarver,wood carver
1542,woodchuck,woodchuck,wood chuck
1543,woodcutter,woodcutter,wood cutter
1544,woodland,woodland,wood land
1545,woodpecker,woodpecker,wood pecker
1546,woodsman,woodsman,woods man
1547,woodwork,woodwork,wood work
1548,workbench,workbench,work bench
1549,workbook,workbook,work book
1550,workday,workday,work day
1551,workhorse,workhorse,work horse
1552,workman,workman,work man
1553,workmanlike,workmanlike,work man like
1554,workout,workout,work out
1555,workplace,workplace,work place
1556,workroom,work room,work room
1557,workshop,workshop,work shop
1558,workstation,workstation,work station
1559,worktable,work table,work table
1560,worldwide,worldwide,world wide
1561,worthwhile,worthwhile,worth while
1562,wristwatch,wristwatch,wrist watch
1563,wrongdoing,wrongdoing,wrong doing
1564,yachtsman,yachtsman,ya ch ts man
1565,yardarm,yardarm,ya rd arm
1566,yardstick,yardstick,yards tick
1567,yearbook,yearbook,year book
1568,yellowtail,yellow tail,ye ll ow tail
1569,yourself,yourself,your self
1570,zigzag,zigzag,zigzag
1571,zookeeper,zookeeper,zoo keeper
